,sample,contig_name,virus_score,taxonomy
0,HCFKNDSX3_104762-001-002_47_GAAGGAAG-CCAGGATG_L004,NODE_2_length_7715_cov_668.847654,0.9825,Viruses;Riboviria;Orthornavirae;Pisuviricota;Pisoniviricetes;Picornavirales;Caliciviridae
1,HCFKNDSX3_104762-001-002_47_GAAGGAAG-CCAGGATG_L004,NODE_10_length_2480_cov_46.993200,0.9712,Viruses;Riboviria;Orthornavirae;Kitrinoviricota;Magsaviricetes;Nodamuvirales
2,HCFKNDSX3_104762-001-002_47_GAAGGAAG-CCAGGATG_L004,NODE_9_length_2491_cov_62.958968,0.9601,Viruses;Riboviria;Orthornavirae;Kitrinoviricota;Tolucaviricetes;Tolivirales
3,HCFKNDSX3_104762-001-002_47_GAAGGAAG-CCAGGATG_L004,NODE_16_length_2179_cov_20.280702,0.9572,Viruses;Monodnaviria;Sangervirae;Phixviricota;Malgrandaviricetes;Petitvirales
4,HCFKNDSX3_104762-001-002_47_GAAGGAAG-CCAGGATG_L004,NODE_3_length_4674_cov_144.778315,0.9398,Viruses;Riboviria
5,HCFKNDSX3_104762-001-002_47_GAAGGAAG-CCAGGATG_L004,NODE_56_length_1417_cov_59.536434,0.9018,Viruses;Monodnaviria;Shotokuvirae;Cressdnaviricota
6,HCFKNDSX3_104762-001-002_47_GAAGGAAG-CCAGGATG_L004,NODE_1_length_9140_cov_121.801731,0.8389,Viruses;Monodnaviria;Shotokuvirae;Cressdnaviricota;Arfiviricetes;Cremevirales
7,HCFKNDSX3_104762-001-002_47_GAAGGAAG-CCAGGATG_L004,NODE_64_length_1318_cov_46.818640,0.8289,Viruses;Monodnaviria;Shotokuvirae;Cressdnaviricota;Arfiviricetes;Cirlivirales
0,HCFKNDSX3_104762-001-002_64_AACGCATT-CAACCTGC_L004,NODE_11_length_4100_cov_167.561540,0.9828,Viruses;Monodnaviria;Sangervirae;Phixviricota;Malgrandaviricetes;Petitvirales;Microviridae
1,HCFKNDSX3_104762-001-002_64_AACGCATT-CAACCTGC_L004,NODE_2_length_7705_cov_1225.754157,0.9825,Viruses;Riboviria;Orthornavirae;Pisuviricota;Pisoniviricetes;Picornavirales;Caliciviridae
2,HCFKNDSX3_104762-001-002_64_AACGCATT-CAACCTGC_L004,NODE_10_length_4259_cov_173.779042,0.979,Viruses;Riboviria;Orthornavirae;Kitrinoviricota;Tolucaviricetes;Tolivirales
3,HCFKNDSX3_104762-001-002_64_AACGCATT-CAACCTGC_L004,NODE_21_length_3139_cov_210.535525,0.9781,Viruses;Riboviria;Orthornavirae;Kitrinoviricota;Magsaviricetes;Nodamuvirales;Nodaviridae
4,HCFKNDSX3_104762-001-002_64_AACGCATT-CAACCTGC_L004,NODE_26_length_3035_cov_73.227992,0.978,Viruses;Monodnaviria;Shotokuvirae;Cressdnaviricota;Arfiviricetes;Cirlivirales;Circoviridae
5,HCFKNDSX3_104762-001-002_64_AACGCATT-CAACCTGC_L004,NODE_42_length_2463_cov_21.410959,0.976,Viruses;Monodnaviria;Sangervirae;Phixviricota;Malgrandaviricetes;Petitvirales;Microviridae
6,HCFKNDSX3_104762-001-002_64_AACGCATT-CAACCTGC_L004,NODE_43_length_2453_cov_299.311264,0.9753,Viruses;Monodnaviria;Shotokuvirae;Cressdnaviricota
7,HCFKNDSX3_104762-001-002_64_AACGCATT-CAACCTGC_L004,NODE_54_length_2326_cov_81.492951,0.9749,Viruses;Riboviria;Orthornavirae;Kitrinoviricota;Magsaviricetes;Nodamuvirales
8,HCFKNDSX3_104762-001-002_64_AACGCATT-CAACCTGC_L004,NODE_119_length_1874_cov_314.448197,0.9749,Viruses;Monodnaviria;Shotokuvirae;Cressdnaviricota;Arfiviricetes;Cirlivirales;Circoviridae
9,HCFKNDSX3_104762-001-002_64_AACGCATT-CAACCTGC_L004,NODE_12_length_4026_cov_90.087971,0.9732,Viruses;Riboviria;Orthornavirae;Kitrinoviricota;Magsaviricetes;Nodamuvirales
10,HCFKNDSX3_104762-001-002_64_AACGCATT-CAACCTGC_L004,NODE_399_length_1181_cov_29.629981,0.9715,Viruses;Monodnaviria;Shotokuvirae;Cressdnaviricota;Arfiviricetes;Cirlivirales;Circoviridae
11,HCFKNDSX3_104762-001-002_64_AACGCATT-CAACCTGC_L004,NODE_16_length_3557_cov_95.707289,0.9696,Viruses;Riboviria;Orthornavirae;Kitrinoviricota;Magsaviricetes;Nodamuvirales
12,HCFKNDSX3_104762-001-002_64_AACGCATT-CAACCTGC_L004,NODE_250_length_1377_cov_40.690400,0.9626,Viruses;Monodnaviria;Shotokuvirae;Cressdnaviricota
13,HCFKNDSX3_104762-001-002_64_AACGCATT-CAACCTGC_L004,NODE_249_length_1378_cov_42.481215,0.9613,Viruses;Monodnaviria;Shotokuvirae;Cressdnaviricota;Arfiviricetes;Cirlivirales
14,HCFKNDSX3_104762-001-002_64_AACGCATT-CAACCTGC_L004,NODE_5_length_5115_cov_269.821572,0.957,Viruses;Riboviria
15,HCFKNDSX3_104762-001-002_64_AACGCATT-CAACCTGC_L004,NODE_168_length_1600_cov_107.072641,0.9566,Viruses;Monodnaviria;Shotokuvirae;Cressdnaviricota;Arfiviricetes;Cirlivirales
16,HCFKNDSX3_104762-001-002_64_AACGCATT-CAACCTGC_L004,NODE_29_length_2932_cov_104.255971,0.9556,Viruses
17,HCFKNDSX3_104762-001-002_64_AACGCATT-CAACCTGC_L004,NODE_136_length_1749_cov_7.612824,0.9547,Viruses;Monodnaviria;Shotokuvirae;Cressdnaviricota;Arfiviricetes;Cremevirales
18,HCFKNDSX3_104762-001-002_64_AACGCATT-CAACCTGC_L004,NODE_206_length_1480_cov_65.927568,0.9533,Viruses;Monodnaviria;Shotokuvirae;Cressdnaviricota;Arfiviricetes;Cremevirales
19,HCFKNDSX3_104762-001-002_64_AACGCATT-CAACCTGC_L004,NODE_49_length_2385_cov_81.710806,0.95,Viruses;Monodnaviria;Shotokuvirae;Cressdnaviricota;Repensiviricetes;Geplafuvirales
20,HCFKNDSX3_104762-001-002_64_AACGCATT-CAACCTGC_L004,NODE_236_length_1425_cov_15.622496,0.9485,Viruses;Monodnaviria;Shotokuvirae;Cressdnaviricota;Arfiviricetes
21,HCFKNDSX3_104762-001-002_64_AACGCATT-CAACCTGC_L004,NODE_72_length_2131_cov_41.444112,0.9481,Viruses;Monodnaviria;Shotokuvirae;Cressdnaviricota;Arfiviricetes;Cremevirales
22,HCFKNDSX3_104762-001-002_64_AACGCATT-CAACCTGC_L004,NODE_83_length_2081_cov_39.031730,0.9442,Viruses;Monodnaviria;Shotokuvirae;Cressdnaviricota;Arfiviricetes;Mulpavirales
23,HCFKNDSX3_104762-001-002_64_AACGCATT-CAACCTGC_L004,NODE_82_length_2083_cov_36.473926,0.9242,Viruses;Monodnaviria;Shotokuvirae;Cressdnaviricota;Arfiviricetes;Cremevirales
24,HCFKNDSX3_104762-001-002_64_AACGCATT-CAACCTGC_L004,NODE_229_length_1438_cov_179.407323,0.9158,Viruses;Monodnaviria;Shotokuvirae;Cressdnaviricota;Arfiviricetes;Cirlivirales
25,HCFKNDSX3_104762-001-002_64_AACGCATT-CAACCTGC_L004,NODE_123_length_1846_cov_441.515998,0.8979,Viruses;Monodnaviria;Shotokuvirae;Cressdnaviricota;Arfiviricetes;Cirlivirales
26,HCFKNDSX3_104762-001-002_64_AACGCATT-CAACCTGC_L004,NODE_129_length_1789_cov_40.699759,0.8694,Viruses;Monodnaviria;Shotokuvirae;Cressdnaviricota;Arfiviricetes;Cirlivirales
27,HCFKNDSX3_104762-001-002_64_AACGCATT-CAACCTGC_L004,NODE_389_length_1191_cov_25.294173,0.8361,Viruses;Monodnaviria;Shotokuvirae;Cressdnaviricota;Arfiviricetes;Cirlivirales
28,HCFKNDSX3_104762-001-002_64_AACGCATT-CAACCTGC_L004,NODE_22_length_3135_cov_68.901596,0.722,Unclassified
0,HCFKNDSX3_104762-001-002_57_ATTATCAA-GAGAGTCG_L004,NODE_1_length_7690_cov_224.951342,0.983,Viruses;Riboviria;Orthornavirae;Pisuviricota;Pisoniviricetes;Picornavirales;Caliciviridae
1,HCFKNDSX3_104762-001-002_57_ATTATCAA-GAGAGTCG_L004,NODE_2_length_5384_cov_48.155982,0.9786,Viruses;Riboviria;Orthornavirae;Pisuviricota;Pisoniviricetes;Picornavirales
2,HCFKNDSX3_104762-001-002_57_ATTATCAA-GAGAGTCG_L004,NODE_6_length_3149_cov_78.725678,0.9731,Viruses;Riboviria;Orthornavirae;Kitrinoviricota;Magsaviricetes;Nodamuvirales
3,HCFKNDSX3_104762-001-002_57_ATTATCAA-GAGAGTCG_L004,NODE_11_length_2606_cov_20.257362,0.956,Viruses;Riboviria;Orthornavirae;Kitrinoviricota;Tolucaviricetes;Tolivirales
4,HCFKNDSX3_104762-001-002_57_ATTATCAA-GAGAGTCG_L004,NODE_42_length_1563_cov_22.025766,0.9412,Viruses;Riboviria;Orthornavirae;Pisuviricota;Pisoniviricetes;Sobelivirales
5,HCFKNDSX3_104762-001-002_57_ATTATCAA-GAGAGTCG_L004,NODE_4_length_3616_cov_32.799943,0.9397,Viruses;Riboviria
6,HCFKNDSX3_104762-001-002_57_ATTATCAA-GAGAGTCG_L004,NODE_36_length_1671_cov_24.409326,0.9366,Viruses;Monodnaviria;Shotokuvirae;Cressdnaviricota;Arfiviricetes;Mulpavirales
7,HCFKNDSX3_104762-001-002_57_ATTATCAA-GAGAGTCG_L004,NODE_27_length_1822_cov_14.001770,0.9178,Viruses;Monodnaviria;Shotokuvirae;Cressdnaviricota;Arfiviricetes;Cirlivirales
8,HCFKNDSX3_104762-001-002_57_ATTATCAA-GAGAGTCG_L004,NODE_33_length_1738_cov_11.656735,0.9099,Viruses;Monodnaviria;Shotokuvirae;Cressdnaviricota;Arfiviricetes;Cremevirales
9,HCFKNDSX3_104762-001-002_57_ATTATCAA-GAGAGTCG_L004,NODE_3_length_4901_cov_188.080947,0.8459,Viruses;Monodnaviria;Shotokuvirae;Cossaviricota;Quintoviricetes;Piccovirales
0,HCFKNDSX3_104762-001-002_44_TTAATCAG-CAGATTGG_L004,NODE_2_length_7700_cov_406.999868,0.9827,Viruses;Riboviria;Orthornavirae;Pisuviricota;Pisoniviricetes;Picornavirales;Caliciviridae
1,HCFKNDSX3_104762-001-002_44_TTAATCAG-CAGATTGG_L004,NODE_5_length_3448_cov_97.686239,0.9751,Viruses;Riboviria;Orthornavirae;Pisuviricota;Pisoniviricetes;Sobelivirales;Solemoviridae
2,HCFKNDSX3_104762-001-002_44_TTAATCAG-CAGATTGG_L004,NODE_17_length_2383_cov_191.601507,0.9747,Viruses;Riboviria;Orthornavirae;Kitrinoviricota;Magsaviricetes;Nodamuvirales
3,HCFKNDSX3_104762-001-002_44_TTAATCAG-CAGATTGG_L004,NODE_7_length_3159_cov_29.293206,0.9747,Viruses;Riboviria;Orthornavirae;Kitrinoviricota;Tolucaviricetes;Tolivirales
4,HCFKNDSX3_104762-001-002_44_TTAATCAG-CAGATTGG_L004,NODE_25_length_1938_cov_27.200994,0.9718,Viruses;Monodnaviria;Shotokuvirae;Cressdnaviricota;Arfiviricetes;Cremevirales;Smacoviridae
5,HCFKNDSX3_104762-001-002_44_TTAATCAG-CAGATTGG_L004,NODE_6_length_3195_cov_208.681877,0.9713,Viruses;Riboviria;Orthornavirae;Kitrinoviricota;Magsaviricetes;Nodamuvirales
6,HCFKNDSX3_104762-001-002_44_TTAATCAG-CAGATTGG_L004,NODE_28_length_1882_cov_328.266667,0.9704,Viruses;Monodnaviria;Shotokuvirae;Cressdnaviricota
7,HCFKNDSX3_104762-001-002_44_TTAATCAG-CAGATTGG_L004,NODE_18_length_2160_cov_19.317265,0.9523,Viruses;Riboviria;Orthornavirae;Kitrinoviricota;Tolucaviricetes;Tolivirales
8,HCFKNDSX3_104762-001-002_44_TTAATCAG-CAGATTGG_L004,NODE_34_length_1795_cov_64.161271,0.9502,Viruses;Monodnaviria;Shotokuvirae;Cressdnaviricota;Arfiviricetes;Mulpavirales
9,HCFKNDSX3_104762-001-002_44_TTAATCAG-CAGATTGG_L004,NODE_130_length_1195_cov_30.659176,0.908,Viruses;Monodnaviria;Shotokuvirae;Cressdnaviricota;Arfiviricetes;Mulpavirales
10,HCFKNDSX3_104762-001-002_44_TTAATCAG-CAGATTGG_L004,NODE_13_length_2673_cov_133.439120,0.8885,Viruses;Monodnaviria;Shotokuvirae;Cressdnaviricota;Arfiviricetes;Cremevirales;Smacoviridae
11,HCFKNDSX3_104762-001-002_44_TTAATCAG-CAGATTGG_L004,NODE_39_length_1680_cov_18.761751,0.8602,Viruses;Monodnaviria;Shotokuvirae;Cressdnaviricota;Arfiviricetes;Mulpavirales
12,HCFKNDSX3_104762-001-002_44_TTAATCAG-CAGATTGG_L004,NODE_4_length_4017_cov_182.179177,0.8567,Viruses;Monodnaviria;Shotokuvirae;Cossaviricota;Quintoviricetes;Piccovirales
13,HCFKNDSX3_104762-001-002_44_TTAATCAG-CAGATTGG_L004,NODE_8_length_3148_cov_636.169149,0.8536,Viruses;Riboviria
14,HCFKNDSX3_104762-001-002_44_TTAATCAG-CAGATTGG_L004,NODE_1_length_10532_cov_285.994810,0.8103,Viruses;Monodnaviria;Shotokuvirae;Cressdnaviricota;Arfiviricetes;Cremevirales
0,HCFKNDSX3_104762-001-002_53_TCTGCAAG-AAGGTGAA_L004,NODE_1_length_7688_cov_1082.838778,0.9828,Viruses;Riboviria;Orthornavirae;Pisuviricota;Pisoniviricetes;Picornavirales;Caliciviridae
1,HCFKNDSX3_104762-001-002_53_TCTGCAAG-AAGGTGAA_L004,NODE_41_length_2671_cov_217.242925,0.9822,Viruses;Monodnaviria;Sangervirae;Phixviricota;Malgrandaviricetes;Petitvirales;Microviridae
2,HCFKNDSX3_104762-001-002_53_TCTGCAAG-AAGGTGAA_L004,NODE_28_length_3086_cov_44.903008,0.9812,Unclassified
3,HCFKNDSX3_104762-001-002_53_TCTGCAAG-AAGGTGAA_L004,NODE_8_length_4831_cov_411.167730,0.9784,Viruses;Riboviria;Orthornavirae;Lenarviricota
4,HCFKNDSX3_104762-001-002_53_TCTGCAAG-AAGGTGAA_L004,NODE_76_length_2347_cov_86.463514,0.9778,Viruses;Riboviria;Orthornavirae;Kitrinoviricota;Tolucaviricetes;Tolivirales;Tombusviridae
5,HCFKNDSX3_104762-001-002_53_TCTGCAAG-AAGGTGAA_L004,NODE_14_length_4295_cov_172.097649,0.9769,Viruses;Riboviria;Orthornavirae;Kitrinoviricota;Tolucaviricetes;Tolivirales;Tombusviridae
6,HCFKNDSX3_104762-001-002_53_TCTGCAAG-AAGGTGAA_L004,NODE_117_length_1989_cov_104.129431,0.9759,Viruses;Monodnaviria;Shotokuvirae;Cressdnaviricota
7,HCFKNDSX3_104762-001-002_53_TCTGCAAG-AAGGTGAA_L004,NODE_61_length_2448_cov_242.065920,0.9758,Viruses;Monodnaviria;Sangervirae;Phixviricota;Malgrandaviricetes;Petitvirales;Microviridae
8,HCFKNDSX3_104762-001-002_53_TCTGCAAG-AAGGTGAA_L004,NODE_29_length_3066_cov_327.984348,0.9752,Viruses;Riboviria;Orthornavirae;Kitrinoviricota;Magsaviricetes;Nodamuvirales
9,HCFKNDSX3_104762-001-002_53_TCTGCAAG-AAGGTGAA_L004,NODE_30_length_3024_cov_68.515016,0.9743,Viruses;Riboviria;Orthornavirae;Kitrinoviricota;Magsaviricetes;Nodamuvirales
10,HCFKNDSX3_104762-001-002_53_TCTGCAAG-AAGGTGAA_L004,NODE_248_length_1491_cov_14.676686,0.9736,Viruses;Monodnaviria;Shotokuvirae;Cressdnaviricota;Arfiviricetes
11,HCFKNDSX3_104762-001-002_53_TCTGCAAG-AAGGTGAA_L004,NODE_12_length_4357_cov_482.994563,0.9734,Viruses;Monodnaviria;Sangervirae;Phixviricota;Malgrandaviricetes;Petitvirales;Microviridae
12,HCFKNDSX3_104762-001-002_53_TCTGCAAG-AAGGTGAA_L004,NODE_197_length_1674_cov_17.890110,0.973,Viruses;Riboviria;Orthornavirae;Lenarviricota
13,HCFKNDSX3_104762-001-002_53_TCTGCAAG-AAGGTGAA_L004,NODE_7_length_5237_cov_444.549119,0.9729,Viruses;Riboviria;Orthornavirae;Pisuviricota;Pisoniviricetes;Sobelivirales
14,HCFKNDSX3_104762-001-002_53_TCTGCAAG-AAGGTGAA_L004,NODE_26_length_3156_cov_149.015187,0.9725,Viruses;Riboviria;Orthornavirae;Kitrinoviricota;Magsaviricetes;Nodamuvirales
15,HCFKNDSX3_104762-001-002_53_TCTGCAAG-AAGGTGAA_L004,NODE_13_length_4326_cov_78.975709,0.9718,Viruses;Monodnaviria;Shotokuvirae;Cressdnaviricota;Arfiviricetes;Cirlivirales;Circoviridae
16,HCFKNDSX3_104762-001-002_53_TCTGCAAG-AAGGTGAA_L004,NODE_15_length_4197_cov_36.068305,0.97,Viruses;Riboviria;Orthornavirae;Pisuviricota;Pisoniviricetes;Picornavirales
17,HCFKNDSX3_104762-001-002_53_TCTGCAAG-AAGGTGAA_L004,NODE_45_length_2629_cov_26.622702,0.9677,Unclassified
18,HCFKNDSX3_104762-001-002_53_TCTGCAAG-AAGGTGAA_L004,NODE_56_length_2518_cov_40.059389,0.9632,Viruses;Riboviria;Orthornavirae;Kitrinoviricota;Tolucaviricetes;Tolivirales
19,HCFKNDSX3_104762-001-002_53_TCTGCAAG-AAGGTGAA_L004,NODE_9_length_4680_cov_1841.074237,0.9613,Viruses;Riboviria;Orthornavirae;Kitrinoviricota;Magsaviricetes;Nodamuvirales
20,HCFKNDSX3_104762-001-002_53_TCTGCAAG-AAGGTGAA_L004,NODE_81_length_2253_cov_30.394638,0.9612,Viruses;Riboviria;Orthornavirae;Kitrinoviricota;Tolucaviricetes;Tolivirales
21,HCFKNDSX3_104762-001-002_53_TCTGCAAG-AAGGTGAA_L004,NODE_4_length_5949_cov_501.628306,0.9495,Viruses;Monodnaviria;Shotokuvirae;Cossaviricota;Quintoviricetes;Piccovirales;Parvoviridae
22,HCFKNDSX3_104762-001-002_53_TCTGCAAG-AAGGTGAA_L004,NODE_526_length_1142_cov_38.505419,0.9426,Viruses;Monodnaviria;Shotokuvirae;Cressdnaviricota;Arfiviricetes;Cremevirales
23,HCFKNDSX3_104762-001-002_53_TCTGCAAG-AAGGTGAA_L004,NODE_54_length_2522_cov_21.218372,0.9378,Viruses;Monodnaviria;Shotokuvirae;Cressdnaviricota;Arfiviricetes;Cremevirales
24,HCFKNDSX3_104762-001-002_53_TCTGCAAG-AAGGTGAA_L004,NODE_18_length_3747_cov_393.721823,0.9196,Viruses;Monodnaviria;Shotokuvirae;Cossaviricota;Quintoviricetes;Piccovirales
25,HCFKNDSX3_104762-001-002_53_TCTGCAAG-AAGGTGAA_L004,NODE_35_length_2918_cov_91.022931,0.9184,Viruses;Monodnaviria;Shotokuvirae;Cressdnaviricota
26,HCFKNDSX3_104762-001-002_53_TCTGCAAG-AAGGTGAA_L004,NODE_11_length_4444_cov_2621.507528,0.9141,Viruses;Riboviria
27,HCFKNDSX3_104762-001-002_53_TCTGCAAG-AAGGTGAA_L004,NODE_124_length_1956_cov_51.107709,0.9065,Viruses;Monodnaviria;Shotokuvirae;Cressdnaviricota;Arfiviricetes;Cremevirales
28,HCFKNDSX3_104762-001-002_53_TCTGCAAG-AAGGTGAA_L004,NODE_434_length_1229_cov_211.078947,0.9022,Viruses;Monodnaviria;Shotokuvirae;Cressdnaviricota;Arfiviricetes;Mulpavirales
29,HCFKNDSX3_104762-001-002_53_TCTGCAAG-AAGGTGAA_L004,NODE_109_length_2028_cov_69.548133,0.8992,Viruses;Monodnaviria;Shotokuvirae;Cressdnaviricota;Arfiviricetes;Mulpavirales
30,HCFKNDSX3_104762-001-002_53_TCTGCAAG-AAGGTGAA_L004,NODE_118_length_1989_cov_62.151987,0.8833,Viruses;Monodnaviria;Shotokuvirae;Cressdnaviricota;Arfiviricetes;Cirlivirales
31,HCFKNDSX3_104762-001-002_53_TCTGCAAG-AAGGTGAA_L004,NODE_36_length_2825_cov_47.338769,0.8458,Viruses;Monodnaviria;Shotokuvirae;Cressdnaviricota;Arfiviricetes;Cremevirales
32,HCFKNDSX3_104762-001-002_53_TCTGCAAG-AAGGTGAA_L004,NODE_127_length_1953_cov_30.484666,0.7237,Viruses;Monodnaviria;Shotokuvirae;Cressdnaviricota;Arfiviricetes;Cremevirales
0,HCFKNDSX3_104762-001-002_09_CATGATCG-GGAGAGTA_L004,NODE_2_length_7700_cov_1693.316915,0.9829,Viruses;Riboviria;Orthornavirae;Pisuviricota;Pisoniviricetes;Picornavirales;Caliciviridae
1,HCFKNDSX3_104762-001-002_09_CATGATCG-GGAGAGTA_L004,NODE_7_length_5076_cov_749.202061,0.9784,Viruses;Riboviria;Orthornavirae;Kitrinoviricota;Magsaviricetes;Nodamuvirales;Nodaviridae
2,HCFKNDSX3_104762-001-002_09_CATGATCG-GGAGAGTA_L004,NODE_26_length_3134_cov_621.421018,0.9783,Viruses;Monodnaviria;Sangervirae;Phixviricota;Malgrandaviricetes;Petitvirales;Microviridae
3,HCFKNDSX3_104762-001-002_09_CATGATCG-GGAGAGTA_L004,NODE_4_length_6050_cov_78.213237,0.978,Viruses;Monodnaviria;Shotokuvirae;Cressdnaviricota;Arfiviricetes;Cremevirales;Smacoviridae
4,HCFKNDSX3_104762-001-002_09_CATGATCG-GGAGAGTA_L004,NODE_17_length_3877_cov_769.802933,0.9779,Viruses;Riboviria;Orthornavirae;Lenarviricota;Amabiliviricetes;Wolframvirales;Narnaviridae
5,HCFKNDSX3_104762-001-002_09_CATGATCG-GGAGAGTA_L004,NODE_9_length_4840_cov_227.353490,0.9777,Viruses;Riboviria;Orthornavirae;Kitrinoviricota;Tolucaviricetes;Tolivirales
6,HCFKNDSX3_104762-001-002_09_CATGATCG-GGAGAGTA_L004,NODE_1_length_9096_cov_531.564500,0.9776,Viruses;Riboviria;Orthornavirae;Pisuviricota;Pisoniviricetes;Picornavirales
7,HCFKNDSX3_104762-001-002_09_CATGATCG-GGAGAGTA_L004,NODE_297_length_1453_cov_20.635747,0.9774,Viruses;Monodnaviria;Shotokuvirae;Cressdnaviricota
8,HCFKNDSX3_104762-001-002_09_CATGATCG-GGAGAGTA_L004,NODE_165_length_1760_cov_32.759951,0.9772,Viruses;Monodnaviria;Shotokuvirae;Cressdnaviricota
9,HCFKNDSX3_104762-001-002_09_CATGATCG-GGAGAGTA_L004,NODE_42_length_2658_cov_137.913473,0.9753,Viruses;Monodnaviria;Sangervirae;Phixviricota;Malgrandaviricetes;Petitvirales;Microviridae
10,HCFKNDSX3_104762-001-002_09_CATGATCG-GGAGAGTA_L004,NODE_76_length_2162_cov_69.921376,0.9752,Viruses;Monodnaviria;Sangervirae;Phixviricota;Malgrandaviricetes;Petitvirales;Microviridae
11,HCFKNDSX3_104762-001-002_09_CATGATCG-GGAGAGTA_L004,NODE_14_length_4219_cov_501.282014,0.975,Viruses;Riboviria;Orthornavirae
12,HCFKNDSX3_104762-001-002_09_CATGATCG-GGAGAGTA_L004,NODE_15_length_3933_cov_11564.111666,0.9747,Viruses;Riboviria;Orthornavirae;Lenarviricota;Amabiliviricetes;Wolframvirales;Narnaviridae
13,HCFKNDSX3_104762-001-002_09_CATGATCG-GGAGAGTA_L004,NODE_63_length_2323_cov_54.855191,0.974,Viruses;Riboviria;Orthornavirae;Kitrinoviricota;Magsaviricetes;Nodamuvirales
14,HCFKNDSX3_104762-001-002_09_CATGATCG-GGAGAGTA_L004,NODE_28_length_3046_cov_90.785200,0.9739,Viruses;Riboviria;Orthornavirae;Kitrinoviricota;Magsaviricetes;Nodamuvirales
15,HCFKNDSX3_104762-001-002_09_CATGATCG-GGAGAGTA_L004,NODE_46_length_2509_cov_1361.010915,0.9735,Viruses;Monodnaviria;Shotokuvirae;Cressdnaviricota
16,HCFKNDSX3_104762-001-002_09_CATGATCG-GGAGAGTA_L004,NODE_102_length_2025_cov_275.541623,0.9725,Viruses;Monodnaviria;Shotokuvirae;Cressdnaviricota;Arfiviricetes;Cirlivirales;Circoviridae
17,HCFKNDSX3_104762-001-002_09_CATGATCG-GGAGAGTA_L004,NODE_35_length_2828_cov_42.730840,0.9724,Viruses;Riboviria
18,HCFKNDSX3_104762-001-002_09_CATGATCG-GGAGAGTA_L004,NODE_239_length_1545_cov_39.707334,0.9701,Viruses;Monodnaviria;Shotokuvirae;Cressdnaviricota;Arfiviricetes
19,HCFKNDSX3_104762-001-002_09_CATGATCG-GGAGAGTA_L004,NODE_696_length_1111_cov_8.121951,0.9699,Viruses;Monodnaviria;Shotokuvirae;Cressdnaviricota;Arfiviricetes;Cirlivirales;Circoviridae
20,HCFKNDSX3_104762-001-002_09_CATGATCG-GGAGAGTA_L004,NODE_51_length_2428_cov_91.832247,0.9693,Viruses;Riboviria;Orthornavirae;Pisuviricota;Pisoniviricetes;Sobelivirales
21,HCFKNDSX3_104762-001-002_09_CATGATCG-GGAGAGTA_L004,NODE_29_length_3034_cov_649.503612,0.969,Viruses;Riboviria;Orthornavirae
22,HCFKNDSX3_104762-001-002_09_CATGATCG-GGAGAGTA_L004,NODE_24_length_3194_cov_940.046625,0.9677,Viruses;Riboviria;Orthornavirae;Kitrinoviricota;Magsaviricetes;Nodamuvirales
23,HCFKNDSX3_104762-001-002_09_CATGATCG-GGAGAGTA_L004,NODE_31_length_3021_cov_244.275743,0.967,Viruses;Riboviria
24,HCFKNDSX3_104762-001-002_09_CATGATCG-GGAGAGTA_L004,NODE_25_length_3176_cov_158.220072,0.9655,Viruses;Riboviria
25,HCFKNDSX3_104762-001-002_09_CATGATCG-GGAGAGTA_L004,NODE_202_length_1640_cov_13.237938,0.9616,Viruses;Monodnaviria;Shotokuvirae;Cressdnaviricota;Arfiviricetes;Mulpavirales
26,HCFKNDSX3_104762-001-002_09_CATGATCG-GGAGAGTA_L004,NODE_50_length_2460_cov_119.239177,0.9615,Viruses;Riboviria
27,HCFKNDSX3_104762-001-002_09_CATGATCG-GGAGAGTA_L004,NODE_458_length_1282_cov_194.185281,0.9611,Viruses;Monodnaviria;Shotokuvirae;Cressdnaviricota;Arfiviricetes;Mulpavirales
28,HCFKNDSX3_104762-001-002_09_CATGATCG-GGAGAGTA_L004,NODE_47_length_2486_cov_69.606189,0.9609,Viruses;Riboviria;Orthornavirae;Kitrinoviricota;Magsaviricetes;Nodamuvirales
29,HCFKNDSX3_104762-001-002_09_CATGATCG-GGAGAGTA_L004,NODE_43_length_2612_cov_161.077666,0.9605,Viruses;Riboviria;Orthornavirae;Kitrinoviricota;Tolucaviricetes;Tolivirales
30,HCFKNDSX3_104762-001-002_09_CATGATCG-GGAGAGTA_L004,NODE_8_length_4842_cov_522.275504,0.9603,Viruses;Riboviria
31,HCFKNDSX3_104762-001-002_09_CATGATCG-GGAGAGTA_L004,NODE_40_length_2740_cov_28.234596,0.9586,Unclassified
32,HCFKNDSX3_104762-001-002_09_CATGATCG-GGAGAGTA_L004,NODE_6_length_5243_cov_268.390539,0.9577,Viruses;Riboviria;Orthornavirae;Kitrinoviricota;Tolucaviricetes;Tolivirales;Tombusviridae
33,HCFKNDSX3_104762-001-002_09_CATGATCG-GGAGAGTA_L004,NODE_291_length_1461_cov_372.248876,0.9577,Viruses;Monodnaviria;Shotokuvirae;Cressdnaviricota;Arfiviricetes;Cirlivirales
34,HCFKNDSX3_104762-001-002_09_CATGATCG-GGAGAGTA_L004,NODE_5_length_5626_cov_159.726132,0.9524,Viruses;Riboviria
35,HCFKNDSX3_104762-001-002_09_CATGATCG-GGAGAGTA_L004,NODE_224_length_1587_cov_16.207534,0.951,Viruses;Monodnaviria;Shotokuvirae;Cressdnaviricota;Arfiviricetes;Cremevirales
36,HCFKNDSX3_104762-001-002_09_CATGATCG-GGAGAGTA_L004,NODE_320_length_1434_cov_1348.925784,0.9491,Viruses;Monodnaviria;Shotokuvirae;Cressdnaviricota;Arfiviricetes;Cirlivirales
37,HCFKNDSX3_104762-001-002_09_CATGATCG-GGAGAGTA_L004,NODE_322_length_1429_cov_17.355607,0.9459,Viruses;Monodnaviria;Shotokuvirae;Cressdnaviricota;Repensiviricetes;Geplafuvirales
38,HCFKNDSX3_104762-001-002_09_CATGATCG-GGAGAGTA_L004,NODE_19_length_3546_cov_100.090670,0.9414,Viruses;Monodnaviria;Shotokuvirae;Cressdnaviricota;Arfiviricetes;Mulpavirales;Nanoviridae
39,HCFKNDSX3_104762-001-002_09_CATGATCG-GGAGAGTA_L004,NODE_82_length_2136_cov_96.552016,0.9402,Viruses;Monodnaviria;Shotokuvirae;Cressdnaviricota;Arfiviricetes;Cirlivirales
40,HCFKNDSX3_104762-001-002_09_CATGATCG-GGAGAGTA_L004,NODE_85_length_2114_cov_669.995471,0.9323,Viruses;Monodnaviria;Shotokuvirae;Cressdnaviricota;Arfiviricetes;Mulpavirales
41,HCFKNDSX3_104762-001-002_09_CATGATCG-GGAGAGTA_L004,NODE_65_length_2300_cov_45.477220,0.931,Viruses;Riboviria;Orthornavirae;Pisuviricota;Pisoniviricetes;Sobelivirales
42,HCFKNDSX3_104762-001-002_09_CATGATCG-GGAGAGTA_L004,NODE_62_length_2324_cov_45.403732,0.9237,Viruses;Monodnaviria;Shotokuvirae;Cressdnaviricota;Arfiviricetes;Cremevirales
43,HCFKNDSX3_104762-001-002_09_CATGATCG-GGAGAGTA_L004,NODE_3_length_7218_cov_130.206741,0.921,Viruses
44,HCFKNDSX3_104762-001-002_09_CATGATCG-GGAGAGTA_L004,NODE_16_length_3915_cov_701.287223,0.9136,Viruses;Riboviria
45,HCFKNDSX3_104762-001-002_09_CATGATCG-GGAGAGTA_L004,NODE_11_length_4361_cov_348.765706,0.9117,Viruses;Monodnaviria;Shotokuvirae;Cressdnaviricota
46,HCFKNDSX3_104762-001-002_09_CATGATCG-GGAGAGTA_L004,NODE_127_length_1892_cov_144.055524,0.9084,Viruses;Monodnaviria;Shotokuvirae;Cressdnaviricota;Arfiviricetes;Cirlivirales
47,HCFKNDSX3_104762-001-002_09_CATGATCG-GGAGAGTA_L004,NODE_66_length_2288_cov_146.832948,0.8956,Viruses;Monodnaviria;Shotokuvirae;Cressdnaviricota;Arfiviricetes;Cremevirales
48,HCFKNDSX3_104762-001-002_09_CATGATCG-GGAGAGTA_L004,NODE_354_length_1387_cov_176.551587,0.8951,Viruses;Monodnaviria;Shotokuvirae;Cressdnaviricota;Arfiviricetes;Cirlivirales
49,HCFKNDSX3_104762-001-002_09_CATGATCG-GGAGAGTA_L004,NODE_560_length_1206_cov_27.806302,0.8776,Viruses;Monodnaviria;Shotokuvirae;Cressdnaviricota;Arfiviricetes;Cirlivirales
50,HCFKNDSX3_104762-001-002_09_CATGATCG-GGAGAGTA_L004,NODE_44_length_2559_cov_99.860609,0.8429,Unclassified
51,HCFKNDSX3_104762-001-002_09_CATGATCG-GGAGAGTA_L004,NODE_146_length_1827_cov_321.088235,0.7453,Viruses;Monodnaviria;Shotokuvirae;Cressdnaviricota;Arfiviricetes;Cirlivirales
52,HCFKNDSX3_104762-001-002_09_CATGATCG-GGAGAGTA_L004,NODE_34_length_2923_cov_62.674177,0.7156,Unclassified
0,H7NKYDSX3_104762-001-003_56_TTAATCAG-CAGATTGG_L001,NODE_6_length_7689_cov_2958.215948,0.9829,Viruses;Riboviria;Orthornavirae;Pisuviricota;Pisoniviricetes;Picornavirales;Caliciviridae
1,H7NKYDSX3_104762-001-003_56_TTAATCAG-CAGATTGG_L001,NODE_28_length_4433_cov_380.944264,0.9823,Viruses;Riboviria;Orthornavirae;Pisuviricota;Pisoniviricetes;Sobelivirales;Solemoviridae
2,H7NKYDSX3_104762-001-003_56_TTAATCAG-CAGATTGG_L001,NODE_7_length_6992_cov_202.325564,0.9817,Viruses;Riboviria;Orthornavirae;Pisuviricota;Pisoniviricetes;Picornavirales
3,H7NKYDSX3_104762-001-003_56_TTAATCAG-CAGATTGG_L001,NODE_80_length_3040_cov_25.956746,0.98,Viruses;Monodnaviria;Sangervirae;Phixviricota;Malgrandaviricetes;Petitvirales;Microviridae
4,H7NKYDSX3_104762-001-003_56_TTAATCAG-CAGATTGG_L001,NODE_30_length_4304_cov_217.494853,0.9791,Viruses;Riboviria;Orthornavirae;Kitrinoviricota;Tolucaviricetes;Tolivirales;Tombusviridae
5,H7NKYDSX3_104762-001-003_56_TTAATCAG-CAGATTGG_L001,NODE_55_length_3492_cov_18.678158,0.9777,Viruses;Riboviria;Orthornavirae;Kitrinoviricota;Tolucaviricetes;Tolivirales;Tombusviridae
6,H7NKYDSX3_104762-001-003_56_TTAATCAG-CAGATTGG_L001,NODE_27_length_4446_cov_213.485992,0.9775,Viruses;Monodnaviria;Sangervirae;Phixviricota;Malgrandaviricetes;Petitvirales;Microviridae
7,H7NKYDSX3_104762-001-003_56_TTAATCAG-CAGATTGG_L001,NODE_338_length_1732_cov_8.949533,0.9764,Viruses;Monodnaviria;Shotokuvirae;Cressdnaviricota;Arfiviricetes
8,H7NKYDSX3_104762-001-003_56_TTAATCAG-CAGATTGG_L001,NODE_16_length_5112_cov_183.513741,0.9763,Viruses;Riboviria;Orthornavirae;Pisuviricota;Pisoniviricetes;Sobelivirales;Solemoviridae
9,H7NKYDSX3_104762-001-003_56_TTAATCAG-CAGATTGG_L001,NODE_109_length_2654_cov_66.503364,0.9749,Viruses;Riboviria;Orthornavirae;Kitrinoviricota;Magsaviricetes;Nodamuvirales
10,H7NKYDSX3_104762-001-003_56_TTAATCAG-CAGATTGG_L001,NODE_33_length_4162_cov_58.227757,0.9748,Viruses;Riboviria;Orthornavirae;Pisuviricota;Pisoniviricetes;Picornavirales
11,H7NKYDSX3_104762-001-003_56_TTAATCAG-CAGATTGG_L001,NODE_123_length_2446_cov_35.369125,0.9747,Viruses;Riboviria;Orthornavirae;Kitrinoviricota;Magsaviricetes;Nodamuvirales
12,H7NKYDSX3_104762-001-003_56_TTAATCAG-CAGATTGG_L001,NODE_126_length_2432_cov_17.088069,0.9746,Viruses;Riboviria;Orthornavirae;Kitrinoviricota;Magsaviricetes;Nodamuvirales
13,H7NKYDSX3_104762-001-003_56_TTAATCAG-CAGATTGG_L001,NODE_136_length_2383_cov_1316.991135,0.9746,Viruses;Riboviria;Orthornavirae;Kitrinoviricota;Magsaviricetes;Nodamuvirales
14,H7NKYDSX3_104762-001-003_56_TTAATCAG-CAGATTGG_L001,NODE_62_length_3337_cov_1265.507477,0.9743,Viruses;Riboviria;Orthornavirae;Kitrinoviricota;Magsaviricetes;Nodamuvirales
15,H7NKYDSX3_104762-001-003_56_TTAATCAG-CAGATTGG_L001,NODE_70_length_3126_cov_95.706902,0.9743,Viruses;Riboviria;Orthornavirae;Kitrinoviricota;Tolucaviricetes;Tolivirales;Tombusviridae
16,H7NKYDSX3_104762-001-003_56_TTAATCAG-CAGATTGG_L001,NODE_110_length_2619_cov_165.482343,0.9738,Viruses;Riboviria;Orthornavirae;Kitrinoviricota;Magsaviricetes;Nodamuvirales
17,H7NKYDSX3_104762-001-003_56_TTAATCAG-CAGATTGG_L001,NODE_154_length_2327_cov_589.240455,0.9736,Viruses;Riboviria
18,H7NKYDSX3_104762-001-003_56_TTAATCAG-CAGATTGG_L001,NODE_407_length_1621_cov_10.652610,0.9726,Viruses;Monodnaviria;Shotokuvirae;Cressdnaviricota;Arfiviricetes
19,H7NKYDSX3_104762-001-003_56_TTAATCAG-CAGATTGG_L001,NODE_3_length_9248_cov_279.218836,0.9719,Viruses;Riboviria;Orthornavirae;Pisuviricota;Pisoniviricetes;Picornavirales
20,H7NKYDSX3_104762-001-003_56_TTAATCAG-CAGATTGG_L001,NODE_114_length_2547_cov_104.011157,0.9708,Viruses;Riboviria;Orthornavirae;Lenarviricota
21,H7NKYDSX3_104762-001-003_56_TTAATCAG-CAGATTGG_L001,NODE_274_length_1888_cov_662.810903,0.9701,Viruses;Monodnaviria;Shotokuvirae;Cressdnaviricota;Arfiviricetes;Cirlivirales;Circoviridae
22,H7NKYDSX3_104762-001-003_56_TTAATCAG-CAGATTGG_L001,NODE_125_length_2432_cov_34.157918,0.9692,Viruses;Riboviria
23,H7NKYDSX3_104762-001-003_56_TTAATCAG-CAGATTGG_L001,NODE_100_length_2763_cov_1646.984067,0.9679,Viruses;Riboviria;Orthornavirae;Pisuviricota;Pisoniviricetes;Sobelivirales
24,H7NKYDSX3_104762-001-003_56_TTAATCAG-CAGATTGG_L001,NODE_139_length_2380_cov_34.901021,0.9679,Viruses;Riboviria;Orthornavirae;Kitrinoviricota;Tolucaviricetes;Tolivirales
25,H7NKYDSX3_104762-001-003_56_TTAATCAG-CAGATTGG_L001,NODE_132_length_2397_cov_416.023348,0.967,Viruses;Riboviria;Orthornavirae;Pisuviricota;Pisoniviricetes;Sobelivirales
26,H7NKYDSX3_104762-001-003_56_TTAATCAG-CAGATTGG_L001,NODE_17_length_5066_cov_1035.912330,0.9669,Viruses;Riboviria;Orthornavirae
27,H7NKYDSX3_104762-001-003_56_TTAATCAG-CAGATTGG_L001,NODE_143_length_2365_cov_139.863271,0.965,Viruses;Riboviria;Orthornavirae;Kitrinoviricota;Magsaviricetes;Nodamuvirales
28,H7NKYDSX3_104762-001-003_56_TTAATCAG-CAGATTGG_L001,NODE_48_length_3594_cov_151.209115,0.9648,Viruses;Riboviria;Orthornavirae;Kitrinoviricota;Alsuviricetes;Hepelivirales
29,H7NKYDSX3_104762-001-003_56_TTAATCAG-CAGATTGG_L001,NODE_42_length_3800_cov_276.950721,0.9646,Viruses;Riboviria;Orthornavirae;Pisuviricota;Pisoniviricetes;Sobelivirales
30,H7NKYDSX3_104762-001-003_56_TTAATCAG-CAGATTGG_L001,NODE_1307_length_1034_cov_10.088203,0.9633,Viruses;Monodnaviria;Shotokuvirae;Cressdnaviricota;Arfiviricetes;Cirlivirales
31,H7NKYDSX3_104762-001-003_56_TTAATCAG-CAGATTGG_L001,NODE_1565_length_973_cov_23.463357,0.9604,Viruses;Monodnaviria;Shotokuvirae;Cressdnaviricota;Arfiviricetes;Cirlivirales
32,H7NKYDSX3_104762-001-003_56_TTAATCAG-CAGATTGG_L001,NODE_64_length_3238_cov_51.233365,0.9584,Viruses;Riboviria
33,H7NKYDSX3_104762-001-003_56_TTAATCAG-CAGATTGG_L001,NODE_54_length_3496_cov_486.696943,0.9584,Viruses;Riboviria;Orthornavirae;Kitrinoviricota;Magsaviricetes;Nodamuvirales
34,H7NKYDSX3_104762-001-003_56_TTAATCAG-CAGATTGG_L001,NODE_391_length_1652_cov_29.584918,0.9579,Viruses;Monodnaviria;Shotokuvirae;Cressdnaviricota;Arfiviricetes;Cirlivirales
35,H7NKYDSX3_104762-001-003_56_TTAATCAG-CAGATTGG_L001,NODE_261_length_1910_cov_116.503646,0.9558,Viruses;Monodnaviria;Shotokuvirae;Cressdnaviricota;Arfiviricetes;Cirlivirales
36,H7NKYDSX3_104762-001-003_56_TTAATCAG-CAGATTGG_L001,NODE_90_length_2864_cov_27.418707,0.9553,Viruses;Riboviria;Orthornavirae;Kitrinoviricota;Alsuviricetes;Hepelivirales
37,H7NKYDSX3_104762-001-003_56_TTAATCAG-CAGATTGG_L001,NODE_103_length_2744_cov_95.649599,0.9533,Viruses;Riboviria;Orthornavirae;Kitrinoviricota;Tolucaviricetes;Tolivirales
38,H7NKYDSX3_104762-001-003_56_TTAATCAG-CAGATTGG_L001,NODE_826_length_1238_cov_47.455446,0.9527,Viruses;Monodnaviria;Shotokuvirae;Cressdnaviricota
39,H7NKYDSX3_104762-001-003_56_TTAATCAG-CAGATTGG_L001,NODE_23_length_4603_cov_984.926497,0.952,Viruses;Riboviria
40,H7NKYDSX3_104762-001-003_56_TTAATCAG-CAGATTGG_L001,NODE_778_length_1264_cov_17.805629,0.9505,Viruses;Monodnaviria;Shotokuvirae;Cressdnaviricota
41,H7NKYDSX3_104762-001-003_56_TTAATCAG-CAGATTGG_L001,NODE_101_length_2763_cov_32.636950,0.9494,Viruses;Riboviria;Orthornavirae;Kitrinoviricota;Tolucaviricetes;Tolivirales
42,H7NKYDSX3_104762-001-003_56_TTAATCAG-CAGATTGG_L001,NODE_198_length_2128_cov_57.284358,0.9434,Viruses;Monodnaviria;Shotokuvirae;Cressdnaviricota;Arfiviricetes;Mulpavirales
43,H7NKYDSX3_104762-001-003_56_TTAATCAG-CAGATTGG_L001,NODE_269_length_1894_cov_171.646293,0.9422,Viruses;Monodnaviria;Shotokuvirae;Cressdnaviricota;Arfiviricetes;Cirlivirales;Circoviridae
44,H7NKYDSX3_104762-001-003_56_TTAATCAG-CAGATTGG_L001,NODE_14_length_5547_cov_671.215016,0.9333,Viruses;Monodnaviria;Shotokuvirae;Cossaviricota;Quintoviricetes;Piccovirales;Parvoviridae
45,H7NKYDSX3_104762-001-003_56_TTAATCAG-CAGATTGG_L001,NODE_19_length_4996_cov_144.821935,0.9287,Viruses;Riboviria
46,H7NKYDSX3_104762-001-003_56_TTAATCAG-CAGATTGG_L001,NODE_18_length_5002_cov_2174.347077,0.9277,Viruses;Riboviria
47,H7NKYDSX3_104762-001-003_56_TTAATCAG-CAGATTGG_L001,NODE_44_length_3681_cov_86.511536,0.9231,Viruses;Riboviria;Orthornavirae;Pisuviricota;Pisoniviricetes;Sobelivirales
48,H7NKYDSX3_104762-001-003_56_TTAATCAG-CAGATTGG_L001,NODE_1752_length_931_cov_23.912935,0.9178,Viruses;Monodnaviria;Shotokuvirae;Cressdnaviricota;Arfiviricetes;Cirlivirales
49,H7NKYDSX3_104762-001-003_56_TTAATCAG-CAGATTGG_L001,NODE_29_length_4426_cov_615.327518,0.9148,Viruses;Riboviria;Orthornavirae;Kitrinoviricota;Tolucaviricetes;Tolivirales
50,H7NKYDSX3_104762-001-003_56_TTAATCAG-CAGATTGG_L001,NODE_95_length_2824_cov_122.358547,0.9032,Viruses;Riboviria
51,H7NKYDSX3_104762-001-003_56_TTAATCAG-CAGATTGG_L001,NODE_78_length_3048_cov_76.376583,0.8978,Viruses;Duplodnaviria;Heunggongvirae;Uroviricota;Caudoviricetes
52,H7NKYDSX3_104762-001-003_56_TTAATCAG-CAGATTGG_L001,NODE_13_length_5744_cov_187.593733,0.8854,Viruses;Riboviria;Orthornavirae;Pisuviricota;Pisoniviricetes;Sobelivirales
53,H7NKYDSX3_104762-001-003_56_TTAATCAG-CAGATTGG_L001,NODE_816_length_1242_cov_32.017040,0.8785,Viruses;Monodnaviria;Shotokuvirae;Cressdnaviricota;Arfiviricetes;Cremevirales
54,H7NKYDSX3_104762-001-003_56_TTAATCAG-CAGATTGG_L001,NODE_191_length_2160_cov_17.232169,0.8325,Viruses;Riboviria;Orthornavirae;Kitrinoviricota;Magsaviricetes;Nodamuvirales
55,H7NKYDSX3_104762-001-003_56_TTAATCAG-CAGATTGG_L001,NODE_22_length_4799_cov_528.840539,0.8314,Viruses;Riboviria
56,H7NKYDSX3_104762-001-003_56_TTAATCAG-CAGATTGG_L001,NODE_1855_length_912_cov_16.364331,0.801,Viruses;Monodnaviria;Shotokuvirae;Cressdnaviricota;Arfiviricetes;Cirlivirales
57,H7NKYDSX3_104762-001-003_56_TTAATCAG-CAGATTGG_L001,NODE_120_length_2461_cov_967.529135,0.7929,Viruses;Monodnaviria;Shotokuvirae;Cressdnaviricota;Arfiviricetes
58,H7NKYDSX3_104762-001-003_56_TTAATCAG-CAGATTGG_L001,NODE_476_length_1534_cov_19.420753,0.7914,Viruses;Monodnaviria;Shotokuvirae;Cressdnaviricota;Arfiviricetes;Cirlivirales
59,H7NKYDSX3_104762-001-003_56_TTAATCAG-CAGATTGG_L001,NODE_11_length_5911_cov_919.909924,0.7706,Viruses;Riboviria;Orthornavirae;Kitrinoviricota;Alsuviricetes;Hepelivirales
60,H7NKYDSX3_104762-001-003_56_TTAATCAG-CAGATTGG_L001,NODE_403_length_1634_cov_81.261447,0.7324,Viruses;Monodnaviria;Shotokuvirae;Cressdnaviricota
61,H7NKYDSX3_104762-001-003_56_TTAATCAG-CAGATTGG_L001,NODE_26_length_4457_cov_110.605774,0.7302,Unclassified
0,HCFKNDSX3_104762-001-002_35_AGGTGCGA-GCCAGAAG_L004,NODE_13_length_4907_cov_274.184728,0.9828,Viruses;Riboviria;Orthornavirae;Pisuviricota;Pisoniviricetes;Picornavirales;Caliciviridae
1,HCFKNDSX3_104762-001-002_35_AGGTGCGA-GCCAGAAG_L004,NODE_1_length_9051_cov_7554.120013,0.98,Viruses;Riboviria;Orthornavirae;Pisuviricota;Pisoniviricetes;Picornavirales
2,HCFKNDSX3_104762-001-002_35_AGGTGCGA-GCCAGAAG_L004,NODE_48_length_2406_cov_38.668276,0.9791,Viruses;Monodnaviria;Shotokuvirae;Cressdnaviricota
3,HCFKNDSX3_104762-001-002_35_AGGTGCGA-GCCAGAAG_L004,NODE_19_length_4421_cov_194.264089,0.9787,Viruses;Monodnaviria;Sangervirae;Phixviricota;Malgrandaviricetes;Petitvirales;Microviridae
4,HCFKNDSX3_104762-001-002_35_AGGTGCGA-GCCAGAAG_L004,NODE_31_length_3095_cov_63.033356,0.9782,Viruses;Riboviria;Orthornavirae;Kitrinoviricota;Magsaviricetes;Nodamuvirales;Nodaviridae
5,HCFKNDSX3_104762-001-002_35_AGGTGCGA-GCCAGAAG_L004,NODE_46_length_2438_cov_116.553007,0.9776,Viruses;Monodnaviria;Sangervirae;Phixviricota;Malgrandaviricetes;Petitvirales;Microviridae
6,HCFKNDSX3_104762-001-002_35_AGGTGCGA-GCCAGAAG_L004,NODE_78_length_2022_cov_47.653826,0.9774,Viruses;Monodnaviria;Shotokuvirae;Cressdnaviricota;Arfiviricetes
7,HCFKNDSX3_104762-001-002_35_AGGTGCGA-GCCAGAAG_L004,NODE_33_length_3036_cov_365.750773,0.9759,Viruses;Riboviria;Orthornavirae;Pisuviricota;Pisoniviricetes;Sobelivirales;Solemoviridae
8,HCFKNDSX3_104762-001-002_35_AGGTGCGA-GCCAGAAG_L004,NODE_10_length_5058_cov_22995.044616,0.9755,Viruses;Riboviria;Orthornavirae;Kitrinoviricota;Tolucaviricetes;Tolivirales;Tombusviridae
9,HCFKNDSX3_104762-001-002_35_AGGTGCGA-GCCAGAAG_L004,NODE_58_length_2250_cov_58.365049,0.9751,Viruses;Riboviria;Orthornavirae;Pisuviricota;Pisoniviricetes;Picornavirales
10,HCFKNDSX3_104762-001-002_35_AGGTGCGA-GCCAGAAG_L004,NODE_28_length_3170_cov_373.989155,0.9727,Viruses;Riboviria;Orthornavirae;Kitrinoviricota;Magsaviricetes;Nodamuvirales
11,HCFKNDSX3_104762-001-002_35_AGGTGCGA-GCCAGAAG_L004,NODE_97_length_1926_cov_17.806003,0.9712,Viruses;Monodnaviria;Shotokuvirae;Cressdnaviricota;Arfiviricetes;Cremevirales
12,HCFKNDSX3_104762-001-002_35_AGGTGCGA-GCCAGAAG_L004,NODE_5_length_6397_cov_88.721053,0.9707,Viruses;Riboviria;Orthornavirae;Pisuviricota;Pisoniviricetes;Picornavirales
13,HCFKNDSX3_104762-001-002_35_AGGTGCGA-GCCAGAAG_L004,NODE_27_length_3228_cov_308.891003,0.9699,Viruses;Riboviria;Orthornavirae;Kitrinoviricota;Magsaviricetes;Nodamuvirales
14,HCFKNDSX3_104762-001-002_35_AGGTGCGA-GCCAGAAG_L004,NODE_126_length_1801_cov_29.444444,0.9662,Viruses;Monodnaviria;Shotokuvirae;Cressdnaviricota
15,HCFKNDSX3_104762-001-002_35_AGGTGCGA-GCCAGAAG_L004,NODE_63_length_2200_cov_26.953208,0.9629,Viruses;Monodnaviria;Shotokuvirae;Cressdnaviricota
16,HCFKNDSX3_104762-001-002_35_AGGTGCGA-GCCAGAAG_L004,NODE_6_length_5547_cov_1305.523264,0.9626,Viruses;Monodnaviria;Shotokuvirae;Cossaviricota;Quintoviricetes;Piccovirales;Parvoviridae
17,HCFKNDSX3_104762-001-002_35_AGGTGCGA-GCCAGAAG_L004,NODE_55_length_2294_cov_44.233041,0.9563,Viruses;Riboviria;Orthornavirae;Pisuviricota;Pisoniviricetes;Sobelivirales
18,HCFKNDSX3_104762-001-002_35_AGGTGCGA-GCCAGAAG_L004,NODE_2_length_6588_cov_57.190683,0.9556,Viruses;Riboviria
19,HCFKNDSX3_104762-001-002_35_AGGTGCGA-GCCAGAAG_L004,NODE_50_length_2379_cov_59.233126,0.9531,Viruses;Riboviria;Orthornavirae;Kitrinoviricota;Tolucaviricetes;Tolivirales
20,HCFKNDSX3_104762-001-002_35_AGGTGCGA-GCCAGAAG_L004,NODE_25_length_3431_cov_173.056598,0.9524,Viruses;Monodnaviria;Shotokuvirae;Cressdnaviricota;Arfiviricetes;Cremevirales
21,HCFKNDSX3_104762-001-002_35_AGGTGCGA-GCCAGAAG_L004,NODE_26_length_3338_cov_51.789785,0.9505,Viruses;Riboviria;Orthornavirae;Pisuviricota;Pisoniviricetes;Sobelivirales
22,HCFKNDSX3_104762-001-002_35_AGGTGCGA-GCCAGAAG_L004,NODE_44_length_2508_cov_90.678286,0.9489,Viruses;Riboviria;Orthornavirae;Kitrinoviricota;Tolucaviricetes;Tolivirales
23,HCFKNDSX3_104762-001-002_35_AGGTGCGA-GCCAGAAG_L004,NODE_454_length_1089_cov_14.989605,0.9418,Viruses;Monodnaviria;Shotokuvirae;Cressdnaviricota;Arfiviricetes;Mulpavirales
24,HCFKNDSX3_104762-001-002_35_AGGTGCGA-GCCAGAAG_L004,NODE_104_length_1909_cov_86.791807,0.9402,Viruses;Monodnaviria;Shotokuvirae;Cressdnaviricota;Arfiviricetes
25,HCFKNDSX3_104762-001-002_35_AGGTGCGA-GCCAGAAG_L004,NODE_111_length_1866_cov_53.307073,0.9395,Viruses;Monodnaviria;Shotokuvirae;Cressdnaviricota;Arfiviricetes;Mulpavirales
26,HCFKNDSX3_104762-001-002_35_AGGTGCGA-GCCAGAAG_L004,NODE_23_length_3442_cov_210.479035,0.9159,Viruses;Monodnaviria;Shotokuvirae;Cossaviricota;Quintoviricetes;Piccovirales
27,HCFKNDSX3_104762-001-002_35_AGGTGCGA-GCCAGAAG_L004,NODE_15_length_4746_cov_311.132280,0.9101,Viruses;Riboviria
28,HCFKNDSX3_104762-001-002_35_AGGTGCGA-GCCAGAAG_L004,NODE_377_length_1172_cov_27.887081,0.9063,Viruses;Monodnaviria;Shotokuvirae;Cressdnaviricota;Arfiviricetes;Mulpavirales
29,HCFKNDSX3_104762-001-002_35_AGGTGCGA-GCCAGAAG_L004,NODE_16_length_4628_cov_197.766941,0.8991,Viruses;Monodnaviria;Shotokuvirae;Cossaviricota;Quintoviricetes;Piccovirales
30,HCFKNDSX3_104762-001-002_35_AGGTGCGA-GCCAGAAG_L004,NODE_210_length_1486_cov_49.080206,0.8988,Viruses;Monodnaviria;Shotokuvirae;Cressdnaviricota;Arfiviricetes;Cirlivirales
31,HCFKNDSX3_104762-001-002_35_AGGTGCGA-GCCAGAAG_L004,NODE_71_length_2090_cov_14.627101,0.8806,Viruses;Monodnaviria;Shotokuvirae;Cressdnaviricota;Arfiviricetes;Cremevirales
32,HCFKNDSX3_104762-001-002_35_AGGTGCGA-GCCAGAAG_L004,NODE_225_length_1444_cov_70.533789,0.8607,Viruses;Monodnaviria;Shotokuvirae;Cressdnaviricota;Arfiviricetes;Cirlivirales
33,HCFKNDSX3_104762-001-002_35_AGGTGCGA-GCCAGAAG_L004,NODE_21_length_3881_cov_265.023175,0.8592,Viruses;Monodnaviria;Shotokuvirae;Cossaviricota;Quintoviricetes;Piccovirales
34,HCFKNDSX3_104762-001-002_35_AGGTGCGA-GCCAGAAG_L004,NODE_9_length_5219_cov_575.492331,0.7474,Viruses;Monodnaviria;Shotokuvirae;Cossaviricota;Quintoviricetes;Piccovirales;Parvoviridae
35,HCFKNDSX3_104762-001-002_35_AGGTGCGA-GCCAGAAG_L004,NODE_12_length_4971_cov_49.763832,0.7345,Viruses;Monodnaviria;Shotokuvirae;Cossaviricota;Quintoviricetes;Piccovirales
36,HCFKNDSX3_104762-001-002_35_AGGTGCGA-GCCAGAAG_L004,NODE_108_length_1890_cov_59.347703,0.7283,Viruses;Monodnaviria;Shotokuvirae;Cressdnaviricota;Arfiviricetes;Cremevirales
0,HCFKNDSX3_104762-001-002_27_CTGTGGCG-GGCTAGTG_L004,NODE_2_length_7678_cov_481.280493,0.9829,Viruses;Riboviria;Orthornavirae;Pisuviricota;Pisoniviricetes;Picornavirales;Caliciviridae
1,HCFKNDSX3_104762-001-002_27_CTGTGGCG-GGCTAGTG_L004,NODE_1_length_8406_cov_423.883561,0.9786,Viruses;Riboviria;Orthornavirae;Pisuviricota;Pisoniviricetes;Picornavirales
2,HCFKNDSX3_104762-001-002_27_CTGTGGCG-GGCTAGTG_L004,NODE_29_length_2331_cov_35.218693,0.9785,Viruses;Monodnaviria;Shotokuvirae;Cressdnaviricota;Arfiviricetes
3,HCFKNDSX3_104762-001-002_27_CTGTGGCG-GGCTAGTG_L004,NODE_11_length_3099_cov_1292.796433,0.9782,Viruses;Riboviria;Orthornavirae;Kitrinoviricota;Magsaviricetes;Nodamuvirales
4,HCFKNDSX3_104762-001-002_27_CTGTGGCG-GGCTAGTG_L004,NODE_43_length_2117_cov_12.856281,0.9745,Viruses;Riboviria;Orthornavirae;Pisuviricota;Pisoniviricetes;Sobelivirales;Solemoviridae
5,HCFKNDSX3_104762-001-002_27_CTGTGGCG-GGCTAGTG_L004,NODE_26_length_2418_cov_35.392842,0.9732,Viruses;Riboviria;Orthornavirae;Kitrinoviricota;Magsaviricetes;Nodamuvirales
6,HCFKNDSX3_104762-001-002_27_CTGTGGCG-GGCTAGTG_L004,NODE_154_length_1264_cov_17.468777,0.9647,Viruses;Monodnaviria;Shotokuvirae;Cressdnaviricota
7,HCFKNDSX3_104762-001-002_27_CTGTGGCG-GGCTAGTG_L004,NODE_8_length_3547_cov_58.960526,0.9556,Viruses;Riboviria
8,HCFKNDSX3_104762-001-002_27_CTGTGGCG-GGCTAGTG_L004,NODE_4_length_4478_cov_207.887382,0.954,Viruses;Riboviria;Orthornavirae;Kitrinoviricota;Magsaviricetes;Nodamuvirales
9,HCFKNDSX3_104762-001-002_27_CTGTGGCG-GGCTAGTG_L004,NODE_65_length_1807_cov_61.964286,0.9396,Viruses;Monodnaviria;Shotokuvirae;Cressdnaviricota;Arfiviricetes;Cirlivirales;Circoviridae
10,HCFKNDSX3_104762-001-002_27_CTGTGGCG-GGCTAGTG_L004,NODE_165_length_1230_cov_21.664551,0.8918,Viruses;Monodnaviria;Shotokuvirae;Cressdnaviricota;Arfiviricetes;Cirlivirales
11,HCFKNDSX3_104762-001-002_27_CTGTGGCG-GGCTAGTG_L004,NODE_91_length_1552_cov_19.035789,0.8115,Viruses;Monodnaviria;Shotokuvirae;Cressdnaviricota;Arfiviricetes;Cirlivirales
12,HCFKNDSX3_104762-001-002_27_CTGTGGCG-GGCTAGTG_L004,NODE_22_length_2505_cov_86.151388,0.7482,Unclassified
0,H7NKYDSX3_104762-001-003_31_TCGCCTTG-GAATCAGC_L001,NODE_35_length_3533_cov_23.538755,0.9812,Viruses;Monodnaviria;Sangervirae;Phixviricota;Malgrandaviricetes;Petitvirales;Microviridae
1,H7NKYDSX3_104762-001-003_31_TCGCCTTG-GAATCAGC_L001,NODE_3_length_7591_cov_76.778001,0.9803,Viruses;Monodnaviria;Sangervirae;Phixviricota;Malgrandaviricetes;Petitvirales;Microviridae
2,H7NKYDSX3_104762-001-003_31_TCGCCTTG-GAATCAGC_L001,NODE_27_length_3849_cov_580.667114,0.9787,Viruses;Riboviria;Orthornavirae
3,H7NKYDSX3_104762-001-003_31_TCGCCTTG-GAATCAGC_L001,NODE_163_length_1862_cov_18.247839,0.9784,Viruses;Monodnaviria;Shotokuvirae;Cressdnaviricota;Arfiviricetes
4,H7NKYDSX3_104762-001-003_31_TCGCCTTG-GAATCAGC_L001,NODE_18_length_4342_cov_3450.121945,0.9776,Viruses;Riboviria;Orthornavirae;Kitrinoviricota;Tolucaviricetes;Tolivirales;Tombusviridae
5,H7NKYDSX3_104762-001-003_31_TCGCCTTG-GAATCAGC_L001,NODE_21_length_4276_cov_1055.659195,0.9774,Viruses;Riboviria;Orthornavirae;Kitrinoviricota;Tolucaviricetes;Tolivirales;Tombusviridae
6,H7NKYDSX3_104762-001-003_31_TCGCCTTG-GAATCAGC_L001,NODE_2_length_8796_cov_4842.646211,0.977,Viruses;Riboviria;Orthornavirae;Pisuviricota;Pisoniviricetes;Picornavirales
7,H7NKYDSX3_104762-001-003_31_TCGCCTTG-GAATCAGC_L001,NODE_1_length_9831_cov_156.180956,0.9768,Viruses;Riboviria
8,H7NKYDSX3_104762-001-003_31_TCGCCTTG-GAATCAGC_L001,NODE_7_length_5796_cov_832.764156,0.9765,Viruses;Riboviria;Orthornavirae;Kitrinoviricota;Tolucaviricetes;Tolivirales
9,H7NKYDSX3_104762-001-003_31_TCGCCTTG-GAATCAGC_L001,NODE_9_length_5618_cov_212.274995,0.9758,Viruses;Riboviria
10,H7NKYDSX3_104762-001-003_31_TCGCCTTG-GAATCAGC_L001,NODE_13_length_5041_cov_12496.853480,0.9758,Viruses;Riboviria;Orthornavirae;Kitrinoviricota;Tolucaviricetes;Tolivirales;Tombusviridae
11,H7NKYDSX3_104762-001-003_31_TCGCCTTG-GAATCAGC_L001,NODE_45_length_3204_cov_591.060448,0.9742,Viruses;Riboviria;Orthornavirae;Kitrinoviricota;Magsaviricetes;Nodamuvirales
12,H7NKYDSX3_104762-001-003_31_TCGCCTTG-GAATCAGC_L001,NODE_46_length_3170_cov_346.318436,0.9725,Viruses;Riboviria;Orthornavirae;Kitrinoviricota;Magsaviricetes;Nodamuvirales
13,H7NKYDSX3_104762-001-003_31_TCGCCTTG-GAATCAGC_L001,NODE_4_length_7178_cov_975.114735,0.9713,Viruses;Riboviria;Orthornavirae;Pisuviricota;Pisoniviricetes;Picornavirales;Caliciviridae
14,H7NKYDSX3_104762-001-003_31_TCGCCTTG-GAATCAGC_L001,NODE_200_length_1658_cov_101.009144,0.9711,Viruses;Monodnaviria;Shotokuvirae;Cressdnaviricota
15,H7NKYDSX3_104762-001-003_31_TCGCCTTG-GAATCAGC_L001,NODE_170_length_1824_cov_68.089570,0.9698,Viruses;Riboviria;Orthornavirae;Pisuviricota;Pisoniviricetes;Sobelivirales
16,H7NKYDSX3_104762-001-003_31_TCGCCTTG-GAATCAGC_L001,NODE_66_length_2820_cov_309.291496,0.9694,Viruses;Riboviria
17,H7NKYDSX3_104762-001-003_31_TCGCCTTG-GAATCAGC_L001,NODE_10_length_5116_cov_1600.848467,0.9689,Viruses;Riboviria;Orthornavirae;Kitrinoviricota;Magsaviricetes;Nodamuvirales
18,H7NKYDSX3_104762-001-003_31_TCGCCTTG-GAATCAGC_L001,NODE_65_length_2822_cov_35.581076,0.9687,Unclassified
19,H7NKYDSX3_104762-001-003_31_TCGCCTTG-GAATCAGC_L001,NODE_205_length_1630_cov_44.632735,0.9677,Viruses;Monodnaviria;Shotokuvirae;Cressdnaviricota;Arfiviricetes
20,H7NKYDSX3_104762-001-003_31_TCGCCTTG-GAATCAGC_L001,NODE_100_length_2301_cov_91.845446,0.9673,Viruses;Riboviria;Orthornavirae;Kitrinoviricota;Tolucaviricetes;Tolivirales
21,H7NKYDSX3_104762-001-003_31_TCGCCTTG-GAATCAGC_L001,NODE_14_length_4938_cov_260.686136,0.9659,Viruses;Riboviria;Orthornavirae;Pisuviricota;Pisoniviricetes;Sobelivirales
22,H7NKYDSX3_104762-001-003_31_TCGCCTTG-GAATCAGC_L001,NODE_72_length_2732_cov_49.520154,0.9596,Viruses;Riboviria
23,H7NKYDSX3_104762-001-003_31_TCGCCTTG-GAATCAGC_L001,NODE_445_length_1210_cov_23.214220,0.9582,Viruses;Monodnaviria;Shotokuvirae;Cressdnaviricota
24,H7NKYDSX3_104762-001-003_31_TCGCCTTG-GAATCAGC_L001,NODE_8_length_5702_cov_4805.853453,0.9574,Viruses;Riboviria;Orthornavirae;Pisuviricota;Pisoniviricetes;Picornavirales
25,H7NKYDSX3_104762-001-003_31_TCGCCTTG-GAATCAGC_L001,NODE_5_length_6011_cov_281.477566,0.955,Viruses;Riboviria
26,H7NKYDSX3_104762-001-003_31_TCGCCTTG-GAATCAGC_L001,NODE_405_length_1250_cov_190.036509,0.9541,Viruses;Monodnaviria;Shotokuvirae;Cressdnaviricota;Arfiviricetes;Cirlivirales
27,H7NKYDSX3_104762-001-003_31_TCGCCTTG-GAATCAGC_L001,NODE_63_length_2843_cov_292.324742,0.9493,Viruses;Riboviria;Orthornavirae;Kitrinoviricota;Tolucaviricetes;Tolivirales
28,H7NKYDSX3_104762-001-003_31_TCGCCTTG-GAATCAGC_L001,NODE_288_length_1439_cov_309.197409,0.9485,Viruses;Monodnaviria;Shotokuvirae;Cressdnaviricota;Arfiviricetes;Cremevirales
29,H7NKYDSX3_104762-001-003_31_TCGCCTTG-GAATCAGC_L001,NODE_23_length_4093_cov_556.749622,0.946,Viruses;Riboviria
30,H7NKYDSX3_104762-001-003_31_TCGCCTTG-GAATCAGC_L001,NODE_32_length_3691_cov_52.183782,0.9449,Viruses;Riboviria
31,H7NKYDSX3_104762-001-003_31_TCGCCTTG-GAATCAGC_L001,NODE_158_length_1896_cov_30.393443,0.9445,Viruses;Monodnaviria;Shotokuvirae;Cressdnaviricota;Arfiviricetes
32,H7NKYDSX3_104762-001-003_31_TCGCCTTG-GAATCAGC_L001,NODE_41_length_3399_cov_18.564792,0.9408,Viruses;Riboviria;Orthornavirae;Pisuviricota;Pisoniviricetes;Picornavirales
33,H7NKYDSX3_104762-001-003_31_TCGCCTTG-GAATCAGC_L001,NODE_637_length_1045_cov_54.391068,0.9386,Viruses;Monodnaviria;Shotokuvirae;Cressdnaviricota
34,H7NKYDSX3_104762-001-003_31_TCGCCTTG-GAATCAGC_L001,NODE_119_length_2128_cov_356.360320,0.9336,Viruses;Monodnaviria;Shotokuvirae;Cressdnaviricota
35,H7NKYDSX3_104762-001-003_31_TCGCCTTG-GAATCAGC_L001,NODE_24_length_4010_cov_107.502189,0.9314,Viruses;Riboviria;Orthornavirae;Kitrinoviricota;Tolucaviricetes;Tolivirales
36,H7NKYDSX3_104762-001-003_31_TCGCCTTG-GAATCAGC_L001,NODE_146_length_1952_cov_149.836712,0.9289,Viruses;Monodnaviria;Shotokuvirae;Cressdnaviricota;Arfiviricetes;Cremevirales
37,H7NKYDSX3_104762-001-003_31_TCGCCTTG-GAATCAGC_L001,NODE_34_length_3632_cov_160.160628,0.9251,Viruses;Riboviria
38,H7NKYDSX3_104762-001-003_31_TCGCCTTG-GAATCAGC_L001,NODE_56_length_2973_cov_45.466268,0.9248,Viruses;Riboviria
39,H7NKYDSX3_104762-001-003_31_TCGCCTTG-GAATCAGC_L001,NODE_232_length_1559_cov_99.891061,0.9223,Viruses;Monodnaviria;Shotokuvirae;Cressdnaviricota;Arfiviricetes;Cremevirales
40,H7NKYDSX3_104762-001-003_31_TCGCCTTG-GAATCAGC_L001,NODE_164_length_1860_cov_96.292556,0.9105,Viruses;Monodnaviria;Shotokuvirae;Cressdnaviricota;Arfiviricetes;Cremevirales
41,H7NKYDSX3_104762-001-003_31_TCGCCTTG-GAATCAGC_L001,NODE_352_length_1313_cov_16.779089,0.9023,Viruses;Monodnaviria;Shotokuvirae;Cressdnaviricota;Arfiviricetes;Cirlivirales
42,H7NKYDSX3_104762-001-003_31_TCGCCTTG-GAATCAGC_L001,NODE_191_length_1696_cov_36.537922,0.8994,Viruses;Monodnaviria;Shotokuvirae;Cressdnaviricota;Arfiviricetes;Cremevirales
43,H7NKYDSX3_104762-001-003_31_TCGCCTTG-GAATCAGC_L001,NODE_70_length_2735_cov_1677.074003,0.889,Unclassified
44,H7NKYDSX3_104762-001-003_31_TCGCCTTG-GAATCAGC_L001,NODE_133_length_2034_cov_37.555322,0.878,Viruses;Monodnaviria;Shotokuvirae;Cressdnaviricota;Arfiviricetes;Cirlivirales
45,H7NKYDSX3_104762-001-003_31_TCGCCTTG-GAATCAGC_L001,NODE_15_length_4901_cov_1361.793158,0.8369,Viruses;Monodnaviria;Shotokuvirae;Cossaviricota;Quintoviricetes;Piccovirales
46,H7NKYDSX3_104762-001-003_31_TCGCCTTG-GAATCAGC_L001,NODE_178_length_1753_cov_9.380689,0.8016,Viruses;Monodnaviria;Shotokuvirae;Cressdnaviricota;Arfiviricetes;Cirlivirales
47,H7NKYDSX3_104762-001-003_31_TCGCCTTG-GAATCAGC_L001,NODE_314_length_1383_cov_9.638535,0.7914,Viruses;Monodnaviria;Shotokuvirae;Cressdnaviricota;Arfiviricetes;Cremevirales
0,HCFKNDSX3_104762-001-002_71_TAAGCACA-TTAATGTC_L004,NODE_3_length_6126_cov_1633.244207,0.9826,Viruses;Riboviria;Orthornavirae;Pisuviricota;Pisoniviricetes;Picornavirales;Caliciviridae
1,HCFKNDSX3_104762-001-002_71_TAAGCACA-TTAATGTC_L004,NODE_2_length_6360_cov_60.633884,0.9788,Viruses;Riboviria;Orthornavirae;Pisuviricota;Pisoniviricetes;Picornavirales
2,HCFKNDSX3_104762-001-002_71_TAAGCACA-TTAATGTC_L004,NODE_391_length_1219_cov_12.464286,0.9783,Viruses;Monodnaviria;Shotokuvirae;Cressdnaviricota
3,HCFKNDSX3_104762-001-002_71_TAAGCACA-TTAATGTC_L004,NODE_130_length_1776_cov_39.763493,0.9762,Viruses;Monodnaviria;Shotokuvirae;Cressdnaviricota
4,HCFKNDSX3_104762-001-002_71_TAAGCACA-TTAATGTC_L004,NODE_10_length_4793_cov_49.476640,0.9759,Viruses;Riboviria
5,HCFKNDSX3_104762-001-002_71_TAAGCACA-TTAATGTC_L004,NODE_46_length_2696_cov_404.322694,0.9758,Viruses;Monodnaviria;Shotokuvirae;Cressdnaviricota
6,HCFKNDSX3_104762-001-002_71_TAAGCACA-TTAATGTC_L004,NODE_41_length_2863_cov_244.176901,0.9756,Viruses;Riboviria;Orthornavirae;Kitrinoviricota;Tolucaviricetes;Tolivirales;Tombusviridae
7,HCFKNDSX3_104762-001-002_71_TAAGCACA-TTAATGTC_L004,NODE_57_length_2456_cov_59.654787,0.9754,Viruses;Riboviria;Orthornavirae;Kitrinoviricota;Magsaviricetes;Nodamuvirales
8,HCFKNDSX3_104762-001-002_71_TAAGCACA-TTAATGTC_L004,NODE_60_length_2417_cov_35.193013,0.9711,Viruses;Riboviria;Orthornavirae;Lenarviricota
9,HCFKNDSX3_104762-001-002_71_TAAGCACA-TTAATGTC_L004,NODE_9_length_5066_cov_84.249848,0.9701,Viruses;Riboviria;Orthornavirae;Pisuviricota;Pisoniviricetes;Picornavirales
10,HCFKNDSX3_104762-001-002_71_TAAGCACA-TTAATGTC_L004,NODE_8_length_5217_cov_12839.963654,0.9697,Viruses;Riboviria;Orthornavirae;Kitrinoviricota;Tolucaviricetes;Tolivirales;Tombusviridae
11,HCFKNDSX3_104762-001-002_71_TAAGCACA-TTAATGTC_L004,NODE_157_length_1670_cov_7.498380,0.9694,Viruses;Monodnaviria;Shotokuvirae;Cressdnaviricota
12,HCFKNDSX3_104762-001-002_71_TAAGCACA-TTAATGTC_L004,NODE_17_length_4210_cov_253.439628,0.9666,Viruses;Riboviria;Orthornavirae
13,HCFKNDSX3_104762-001-002_71_TAAGCACA-TTAATGTC_L004,NODE_13_length_4506_cov_86.650834,0.9664,Viruses;Riboviria
14,HCFKNDSX3_104762-001-002_71_TAAGCACA-TTAATGTC_L004,NODE_36_length_2915_cov_982.337159,0.9664,Viruses;Riboviria;Orthornavirae;Pisuviricota;Pisoniviricetes;Sobelivirales
15,HCFKNDSX3_104762-001-002_71_TAAGCACA-TTAATGTC_L004,NODE_357_length_1275_cov_81.844077,0.9663,Viruses;Monodnaviria;Shotokuvirae;Cressdnaviricota;Arfiviricetes;Cirlivirales
16,HCFKNDSX3_104762-001-002_71_TAAGCACA-TTAATGTC_L004,NODE_39_length_2895_cov_165.536488,0.9642,Viruses;Riboviria;Orthornavirae;Pisuviricota;Pisoniviricetes;Sobelivirales
17,HCFKNDSX3_104762-001-002_71_TAAGCACA-TTAATGTC_L004,NODE_19_length_3976_cov_42.891400,0.9636,Viruses;Riboviria;Orthornavirae;Kitrinoviricota;Alsuviricetes;Hepelivirales
18,HCFKNDSX3_104762-001-002_71_TAAGCACA-TTAATGTC_L004,NODE_476_length_1129_cov_10.086826,0.962,Viruses;Monodnaviria;Shotokuvirae;Cressdnaviricota;Arfiviricetes;Mulpavirales
19,HCFKNDSX3_104762-001-002_71_TAAGCACA-TTAATGTC_L004,NODE_863_length_895_cov_6.628906,0.9613,Viruses;Monodnaviria;Shotokuvirae;Cressdnaviricota;Arfiviricetes;Cirlivirales
20,HCFKNDSX3_104762-001-002_71_TAAGCACA-TTAATGTC_L004,NODE_30_length_3172_cov_130.048933,0.9612,Viruses;Riboviria;Orthornavirae;Kitrinoviricota;Alsuviricetes;Hepelivirales
21,HCFKNDSX3_104762-001-002_71_TAAGCACA-TTAATGTC_L004,NODE_31_length_3149_cov_122.775976,0.9591,Viruses;Monodnaviria;Shotokuvirae;Cressdnaviricota;Arfiviricetes;Cirlivirales;Circoviridae
22,HCFKNDSX3_104762-001-002_71_TAAGCACA-TTAATGTC_L004,NODE_6_length_5575_cov_1289.992291,0.9589,Viruses;Riboviria;Orthornavirae;Kitrinoviricota;Alsuviricetes;Hepelivirales
23,HCFKNDSX3_104762-001-002_71_TAAGCACA-TTAATGTC_L004,NODE_636_length_1016_cov_11.159730,0.9583,Viruses;Monodnaviria;Shotokuvirae;Cressdnaviricota;Arfiviricetes;Cirlivirales
24,HCFKNDSX3_104762-001-002_71_TAAGCACA-TTAATGTC_L004,NODE_14_length_4381_cov_185.268453,0.955,Viruses;Riboviria;Orthornavirae;Pisuviricota;Pisoniviricetes;Sobelivirales
25,HCFKNDSX3_104762-001-002_71_TAAGCACA-TTAATGTC_L004,NODE_4_length_5741_cov_777.153367,0.954,Viruses;Riboviria;Orthornavirae;Pisuviricota;Pisoniviricetes;Sobelivirales
26,HCFKNDSX3_104762-001-002_71_TAAGCACA-TTAATGTC_L004,NODE_12_length_4525_cov_418.884948,0.9535,Viruses;Riboviria;Orthornavirae;Kitrinoviricota;Alsuviricetes;Hepelivirales
27,HCFKNDSX3_104762-001-002_71_TAAGCACA-TTAATGTC_L004,NODE_11_length_4646_cov_2427.658553,0.9493,Viruses;Riboviria
28,HCFKNDSX3_104762-001-002_71_TAAGCACA-TTAATGTC_L004,NODE_71_length_2230_cov_13.498336,0.9485,Viruses;Monodnaviria;Shotokuvirae;Cressdnaviricota;Arfiviricetes;Cremevirales
29,HCFKNDSX3_104762-001-002_71_TAAGCACA-TTAATGTC_L004,NODE_7_length_5228_cov_171.872378,0.9472,Viruses;Riboviria
30,HCFKNDSX3_104762-001-002_71_TAAGCACA-TTAATGTC_L004,NODE_257_length_1427_cov_24.666154,0.9242,Viruses;Monodnaviria;Shotokuvirae;Cressdnaviricota
31,HCFKNDSX3_104762-001-002_71_TAAGCACA-TTAATGTC_L004,NODE_5_length_5630_cov_61.958931,0.9194,Viruses;Riboviria;Orthornavirae
32,HCFKNDSX3_104762-001-002_71_TAAGCACA-TTAATGTC_L004,NODE_15_length_4258_cov_25.401114,0.9061,Viruses;Riboviria
33,HCFKNDSX3_104762-001-002_71_TAAGCACA-TTAATGTC_L004,NODE_16_length_4218_cov_434.097042,0.9033,Viruses;Monodnaviria;Shotokuvirae;Cressdnaviricota
34,HCFKNDSX3_104762-001-002_71_TAAGCACA-TTAATGTC_L004,NODE_293_length_1366_cov_40.247780,0.8564,Viruses;Monodnaviria;Shotokuvirae;Cressdnaviricota;Arfiviricetes;Cremevirales
35,HCFKNDSX3_104762-001-002_71_TAAGCACA-TTAATGTC_L004,NODE_318_length_1324_cov_21.948204,0.8312,Viruses;Monodnaviria;Shotokuvirae;Cressdnaviricota;Repensiviricetes;Geplafuvirales
36,HCFKNDSX3_104762-001-002_71_TAAGCACA-TTAATGTC_L004,NODE_153_length_1677_cov_177.825161,0.8165,Viruses;Monodnaviria;Shotokuvirae;Cressdnaviricota;Arfiviricetes;Cirlivirales
37,HCFKNDSX3_104762-001-002_71_TAAGCACA-TTAATGTC_L004,NODE_20_length_3724_cov_631.218237,0.7767,Viruses;Riboviria;Orthornavirae;Kitrinoviricota;Tolucaviricetes;Tolivirales
0,HCFKNDSX3_104762-001-002_12_GAACCTAG-AATACCAG_L004,NODE_11_length_7708_cov_1864.124918,0.9826,Viruses;Riboviria;Orthornavirae;Pisuviricota;Pisoniviricetes;Picornavirales;Caliciviridae
1,HCFKNDSX3_104762-001-002_12_GAACCTAG-AATACCAG_L004,NODE_67_length_3538_cov_41.623864,0.982,Viruses;Monodnaviria;Sangervirae;Phixviricota;Malgrandaviricetes;Petitvirales;Microviridae
2,HCFKNDSX3_104762-001-002_12_GAACCTAG-AATACCAG_L004,NODE_73_length_3465_cov_41.212403,0.98,Viruses;Monodnaviria;Sangervirae;Phixviricota;Malgrandaviricetes;Petitvirales;Microviridae
3,HCFKNDSX3_104762-001-002_12_GAACCTAG-AATACCAG_L004,NODE_318_length_1953_cov_16.540526,0.9798,Viruses;Monodnaviria;Shotokuvirae;Cressdnaviricota;Arfiviricetes;Cirlivirales;Circoviridae
4,HCFKNDSX3_104762-001-002_12_GAACCTAG-AATACCAG_L004,NODE_44_length_4330_cov_56.169165,0.977,Viruses;Riboviria;Orthornavirae;Kitrinoviricota;Magsaviricetes;Nodamuvirales;Nodaviridae
5,HCFKNDSX3_104762-001-002_12_GAACCTAG-AATACCAG_L004,NODE_162_length_2599_cov_19.669094,0.976,Viruses;Monodnaviria;Sangervirae;Phixviricota;Malgrandaviricetes;Petitvirales;Microviridae
6,HCFKNDSX3_104762-001-002_12_GAACCTAG-AATACCAG_L004,NODE_140_length_2870_cov_151.550857,0.9758,Viruses;Riboviria;Orthornavirae;Pisuviricota;Pisoniviricetes;Sobelivirales;Solemoviridae
7,HCFKNDSX3_104762-001-002_12_GAACCTAG-AATACCAG_L004,NODE_99_length_3214_cov_48.947522,0.9757,Viruses;Riboviria;Orthornavirae;Kitrinoviricota;Alsuviricetes;Hepelivirales
8,HCFKNDSX3_104762-001-002_12_GAACCTAG-AATACCAG_L004,NODE_100_length_3204_cov_648.715307,0.9756,Viruses;Riboviria;Orthornavirae;Kitrinoviricota;Magsaviricetes;Nodamuvirales
9,HCFKNDSX3_104762-001-002_12_GAACCTAG-AATACCAG_L004,NODE_316_length_1958_cov_76.793009,0.975,Viruses;Monodnaviria;Shotokuvirae;Cressdnaviricota;Arfiviricetes
10,HCFKNDSX3_104762-001-002_12_GAACCTAG-AATACCAG_L004,NODE_266_length_2101_cov_244.426545,0.9749,Viruses;Monodnaviria;Shotokuvirae;Cressdnaviricota;Arfiviricetes;Cremevirales;Smacoviridae
11,HCFKNDSX3_104762-001-002_12_GAACCTAG-AATACCAG_L004,NODE_180_length_2496_cov_40.058675,0.9745,Viruses;Riboviria;Orthornavirae;Kitrinoviricota;Magsaviricetes;Nodamuvirales
12,HCFKNDSX3_104762-001-002_12_GAACCTAG-AATACCAG_L004,NODE_596_length_1437_cov_14.326718,0.9742,Viruses;Riboviria;Orthornavirae;Kitrinoviricota;Magsaviricetes;Nodamuvirales
13,HCFKNDSX3_104762-001-002_12_GAACCTAG-AATACCAG_L004,NODE_154_length_2715_cov_182.513524,0.9741,Viruses;Riboviria;Orthornavirae;Kitrinoviricota;Magsaviricetes;Nodamuvirales
14,HCFKNDSX3_104762-001-002_12_GAACCTAG-AATACCAG_L004,NODE_296_length_2007_cov_44.895213,0.9731,Viruses;Monodnaviria;Shotokuvirae;Cressdnaviricota
15,HCFKNDSX3_104762-001-002_12_GAACCTAG-AATACCAG_L004,NODE_161_length_2641_cov_54.937947,0.973,Viruses;Monodnaviria;Sangervirae;Phixviricota;Malgrandaviricetes;Petitvirales;Microviridae
16,HCFKNDSX3_104762-001-002_12_GAACCTAG-AATACCAG_L004,NODE_122_length_3020_cov_44.719323,0.9728,Viruses;Riboviria;Orthornavirae;Kitrinoviricota;Magsaviricetes;Nodamuvirales
17,HCFKNDSX3_104762-001-002_12_GAACCTAG-AATACCAG_L004,NODE_104_length_3175_cov_275.990157,0.9727,Viruses;Riboviria;Orthornavirae;Kitrinoviricota;Magsaviricetes;Nodamuvirales
18,HCFKNDSX3_104762-001-002_12_GAACCTAG-AATACCAG_L004,NODE_10_length_8425_cov_186.094963,0.9716,Viruses;Riboviria;Orthornavirae;Pisuviricota;Pisoniviricetes;Picornavirales
19,HCFKNDSX3_104762-001-002_12_GAACCTAG-AATACCAG_L004,NODE_26_length_5680_cov_64.996398,0.9705,Viruses;Riboviria;Orthornavirae;Kitrinoviricota;Tolucaviricetes;Tolivirales;Tombusviridae
20,HCFKNDSX3_104762-001-002_12_GAACCTAG-AATACCAG_L004,NODE_382_length_1793_cov_202.328932,0.969,Viruses;Monodnaviria;Shotokuvirae;Cressdnaviricota;Arfiviricetes;Cirlivirales;Circoviridae
21,HCFKNDSX3_104762-001-002_12_GAACCTAG-AATACCAG_L004,NODE_973_length_1162_cov_20.074396,0.9687,Viruses;Monodnaviria;Shotokuvirae;Cressdnaviricota;Arfiviricetes;Mulpavirales
22,HCFKNDSX3_104762-001-002_12_GAACCTAG-AATACCAG_L004,NODE_119_length_3030_cov_238.291078,0.968,Viruses;Riboviria;Orthornavirae;Kitrinoviricota;Magsaviricetes;Nodamuvirales
23,HCFKNDSX3_104762-001-002_12_GAACCTAG-AATACCAG_L004,NODE_47_length_4266_cov_47.903842,0.9674,Viruses;Riboviria
24,HCFKNDSX3_104762-001-002_12_GAACCTAG-AATACCAG_L004,NODE_24_length_5755_cov_280.074805,0.9637,Viruses;Monodnaviria;Sangervirae;Phixviricota;Malgrandaviricetes;Petitvirales;Microviridae
25,HCFKNDSX3_104762-001-002_12_GAACCTAG-AATACCAG_L004,NODE_358_length_1860_cov_50.912868,0.9619,Viruses;Monodnaviria;Shotokuvirae;Cressdnaviricota;Arfiviricetes;Cremevirales
26,HCFKNDSX3_104762-001-002_12_GAACCTAG-AATACCAG_L004,NODE_111_length_3121_cov_76.219105,0.9614,Viruses;Riboviria;Orthornavirae;Kitrinoviricota;Magsaviricetes;Nodamuvirales
27,HCFKNDSX3_104762-001-002_12_GAACCTAG-AATACCAG_L004,NODE_35_length_4920_cov_992.517213,0.9596,Viruses;Riboviria;Orthornavirae
28,HCFKNDSX3_104762-001-002_12_GAACCTAG-AATACCAG_L004,NODE_882_length_1209_cov_74.364140,0.958,Viruses;Monodnaviria;Shotokuvirae;Cressdnaviricota;Arfiviricetes;Cremevirales
29,HCFKNDSX3_104762-001-002_12_GAACCTAG-AATACCAG_L004,NODE_27_length_5661_cov_383.784424,0.958,Viruses;Riboviria;Orthornavirae;Kitrinoviricota;Alsuviricetes;Hepelivirales
30,HCFKNDSX3_104762-001-002_12_GAACCTAG-AATACCAG_L004,NODE_967_length_1165_cov_162.370906,0.9578,Viruses;Monodnaviria;Shotokuvirae;Cressdnaviricota;Arfiviricetes
31,HCFKNDSX3_104762-001-002_12_GAACCTAG-AATACCAG_L004,NODE_166_length_2576_cov_55.213965,0.9561,Viruses;Monodnaviria;Sangervirae;Phixviricota;Malgrandaviricetes;Petitvirales;Microviridae
32,HCFKNDSX3_104762-001-002_12_GAACCTAG-AATACCAG_L004,NODE_133_length_2960_cov_129.905754,0.9544,Viruses;Riboviria;Orthornavirae
33,HCFKNDSX3_104762-001-002_12_GAACCTAG-AATACCAG_L004,NODE_102_length_3196_cov_76.380254,0.9521,Viruses;Riboviria;Orthornavirae;Kitrinoviricota;Alsuviricetes;Hepelivirales
34,HCFKNDSX3_104762-001-002_12_GAACCTAG-AATACCAG_L004,NODE_61_length_3642_cov_101.511522,0.952,Viruses;Monodnaviria;Shotokuvirae;Cressdnaviricota;Arfiviricetes;Cirlivirales;Circoviridae
35,HCFKNDSX3_104762-001-002_12_GAACCTAG-AATACCAG_L004,NODE_79_length_3421_cov_527.821494,0.9509,Viruses;Riboviria;Orthornavirae;Kitrinoviricota;Tolucaviricetes;Tolivirales
36,HCFKNDSX3_104762-001-002_12_GAACCTAG-AATACCAG_L004,NODE_22_length_5768_cov_613.494416,0.9497,Viruses;Riboviria;Orthornavirae
37,HCFKNDSX3_104762-001-002_12_GAACCTAG-AATACCAG_L004,NODE_32_length_5266_cov_498.693909,0.9412,Viruses;Monodnaviria;Shotokuvirae;Cossaviricota;Quintoviricetes;Piccovirales;Parvoviridae
38,HCFKNDSX3_104762-001-002_12_GAACCTAG-AATACCAG_L004,NODE_106_length_3158_cov_94.279116,0.9337,Viruses;Riboviria;Orthornavirae
39,HCFKNDSX3_104762-001-002_12_GAACCTAG-AATACCAG_L004,NODE_89_length_3340_cov_490.708372,0.9331,Viruses;Riboviria;Orthornavirae;Pisuviricota;Pisoniviricetes;Sobelivirales
40,HCFKNDSX3_104762-001-002_12_GAACCTAG-AATACCAG_L004,NODE_28_length_5547_cov_342.672013,0.9293,Viruses;Monodnaviria;Shotokuvirae;Cossaviricota;Quintoviricetes;Piccovirales;Parvoviridae
41,HCFKNDSX3_104762-001-002_12_GAACCTAG-AATACCAG_L004,NODE_70_length_3503_cov_541.675948,0.9247,Viruses;Riboviria
42,HCFKNDSX3_104762-001-002_12_GAACCTAG-AATACCAG_L004,NODE_36_length_4903_cov_451.768007,0.9144,Viruses;Riboviria;Orthornavirae
43,HCFKNDSX3_104762-001-002_12_GAACCTAG-AATACCAG_L004,NODE_343_length_1890_cov_33.059558,0.9053,Viruses;Monodnaviria;Shotokuvirae;Cressdnaviricota;Arfiviricetes;Cirlivirales
44,HCFKNDSX3_104762-001-002_12_GAACCTAG-AATACCAG_L004,NODE_59_length_3748_cov_1030.636841,0.8761,Viruses;Riboviria
45,HCFKNDSX3_104762-001-002_12_GAACCTAG-AATACCAG_L004,NODE_579_length_1464_cov_82.077786,0.8691,Viruses;Monodnaviria;Shotokuvirae;Cressdnaviricota;Arfiviricetes;Cirlivirales
46,HCFKNDSX3_104762-001-002_12_GAACCTAG-AATACCAG_L004,NODE_325_length_1942_cov_15.661157,0.8433,Viruses;Monodnaviria;Shotokuvirae;Cressdnaviricota;Repensiviricetes;Geplafuvirales
47,HCFKNDSX3_104762-001-002_12_GAACCTAG-AATACCAG_L004,NODE_597_length_1434_cov_48.634277,0.8423,Viruses;Monodnaviria;Shotokuvirae;Cressdnaviricota;Arfiviricetes;Mulpavirales
48,HCFKNDSX3_104762-001-002_12_GAACCTAG-AATACCAG_L004,NODE_456_length_1650_cov_17.893631,0.828,Viruses;Monodnaviria;Shotokuvirae;Cressdnaviricota;Arfiviricetes;Cirlivirales
49,HCFKNDSX3_104762-001-002_12_GAACCTAG-AATACCAG_L004,NODE_98_length_3214_cov_158.937480,0.8219,Viruses;Riboviria
50,HCFKNDSX3_104762-001-002_12_GAACCTAG-AATACCAG_L004,NODE_470_length_1619_cov_39.333110,0.8149,Viruses;Monodnaviria;Shotokuvirae;Cressdnaviricota;Arfiviricetes;Cremevirales
51,HCFKNDSX3_104762-001-002_12_GAACCTAG-AATACCAG_L004,NODE_383_length_1792_cov_261.950751,0.7533,Viruses;Monodnaviria;Shotokuvirae;Cressdnaviricota;Arfiviricetes;Cirlivirales
52,HCFKNDSX3_104762-001-002_12_GAACCTAG-AATACCAG_L004,NODE_130_length_2987_cov_56.916783,0.7005,Unclassified
0,HCFKNDSX3_104762-001-002_03_TAATGAAC-AAGCCAAG_L004,NODE_31_length_2182_cov_127.086131,0.9802,Viruses;Monodnaviria;Shotokuvirae;Cressdnaviricota
1,HCFKNDSX3_104762-001-002_03_TAATGAAC-AAGCCAAG_L004,NODE_25_length_2430_cov_31.855406,0.9791,Viruses;Riboviria;Orthornavirae;Kitrinoviricota;Tolucaviricetes;Tolivirales;Tombusviridae
2,HCFKNDSX3_104762-001-002_03_TAATGAAC-AAGCCAAG_L004,NODE_16_length_2963_cov_76.013752,0.9786,Viruses;Riboviria;Orthornavirae;Kitrinoviricota;Tolucaviricetes;Tolivirales;Tombusviridae
3,HCFKNDSX3_104762-001-002_03_TAATGAAC-AAGCCAAG_L004,NODE_22_length_2552_cov_144.475052,0.9767,Viruses;Monodnaviria;Shotokuvirae;Cressdnaviricota
4,HCFKNDSX3_104762-001-002_03_TAATGAAC-AAGCCAAG_L004,NODE_2_length_4842_cov_205.754825,0.9763,Viruses;Riboviria
5,HCFKNDSX3_104762-001-002_03_TAATGAAC-AAGCCAAG_L004,NODE_13_length_3059_cov_80.190314,0.9759,Viruses;Riboviria;Orthornavirae;Pisuviricota;Pisoniviricetes;Sobelivirales;Solemoviridae
6,HCFKNDSX3_104762-001-002_03_TAATGAAC-AAGCCAAG_L004,NODE_3_length_4825_cov_77.495956,0.9755,Viruses;Riboviria;Orthornavirae;Pisuviricota;Pisoniviricetes;Sobelivirales;Solemoviridae
7,HCFKNDSX3_104762-001-002_03_TAATGAAC-AAGCCAAG_L004,NODE_14_length_3058_cov_135.407711,0.9743,Viruses;Riboviria;Orthornavirae;Kitrinoviricota;Magsaviricetes;Nodamuvirales
8,HCFKNDSX3_104762-001-002_03_TAATGAAC-AAGCCAAG_L004,NODE_11_length_3144_cov_95.393437,0.9735,Viruses;Riboviria;Orthornavirae;Kitrinoviricota;Magsaviricetes;Nodamuvirales
9,HCFKNDSX3_104762-001-002_03_TAATGAAC-AAGCCAAG_L004,NODE_15_length_2964_cov_54.477617,0.9731,Viruses;Riboviria;Orthornavirae;Kitrinoviricota;Magsaviricetes;Nodamuvirales
10,HCFKNDSX3_104762-001-002_03_TAATGAAC-AAGCCAAG_L004,NODE_23_length_2547_cov_129.532645,0.9727,Viruses;Riboviria
11,HCFKNDSX3_104762-001-002_03_TAATGAAC-AAGCCAAG_L004,NODE_35_length_2060_cov_52.140197,0.9661,Viruses;Monodnaviria;Shotokuvirae;Cressdnaviricota;Arfiviricetes;Cirlivirales;Circoviridae
12,HCFKNDSX3_104762-001-002_03_TAATGAAC-AAGCCAAG_L004,NODE_4_length_4669_cov_326.672171,0.9611,Viruses;Riboviria;Orthornavirae;Pisuviricota;Pisoniviricetes;Sobelivirales
13,HCFKNDSX3_104762-001-002_03_TAATGAAC-AAGCCAAG_L004,NODE_27_length_2389_cov_460.417772,0.9599,Viruses;Monodnaviria;Shotokuvirae;Cressdnaviricota;Arfiviricetes;Cirlivirales;Circoviridae
14,HCFKNDSX3_104762-001-002_03_TAATGAAC-AAGCCAAG_L004,NODE_1_length_5311_cov_1172.468364,0.9573,Viruses;Riboviria;Orthornavirae;Kitrinoviricota;Alsuviricetes;Hepelivirales
15,HCFKNDSX3_104762-001-002_03_TAATGAAC-AAGCCAAG_L004,NODE_20_length_2668_cov_178.885478,0.9553,Viruses;Riboviria;Orthornavirae;Kitrinoviricota;Tolucaviricetes;Tolivirales
16,HCFKNDSX3_104762-001-002_03_TAATGAAC-AAGCCAAG_L004,NODE_37_length_2027_cov_269.216316,0.9517,Viruses;Monodnaviria;Shotokuvirae;Cressdnaviricota;Arfiviricetes;Mulpavirales
17,HCFKNDSX3_104762-001-002_03_TAATGAAC-AAGCCAAG_L004,NODE_19_length_2807_cov_192.222388,0.9463,Viruses;Riboviria;Orthornavirae;Kitrinoviricota;Tolucaviricetes;Tolivirales
18,HCFKNDSX3_104762-001-002_03_TAATGAAC-AAGCCAAG_L004,NODE_17_length_2928_cov_2070.578722,0.9329,Viruses;Riboviria
19,HCFKNDSX3_104762-001-002_03_TAATGAAC-AAGCCAAG_L004,NODE_12_length_3121_cov_67.770541,0.9311,Viruses;Riboviria;Orthornavirae;Kitrinoviricota;Tolucaviricetes;Tolivirales
20,HCFKNDSX3_104762-001-002_03_TAATGAAC-AAGCCAAG_L004,NODE_6_length_3953_cov_58.831155,0.7946,Viruses;Riboviria
0,H7NKYDSX3_104762-001-003_81_GCCGTCGA-GTGATTAA_L001,NODE_4_length_7711_cov_8362.746572,0.9825,Viruses;Riboviria;Orthornavirae;Pisuviricota;Pisoniviricetes;Picornavirales;Caliciviridae
1,H7NKYDSX3_104762-001-003_81_GCCGTCGA-GTGATTAA_L001,NODE_30_length_3722_cov_229.378025,0.9813,Viruses;Riboviria;Orthornavirae;Pisuviricota;Pisoniviricetes;Sobelivirales;Solemoviridae
2,H7NKYDSX3_104762-001-003_81_GCCGTCGA-GTGATTAA_L001,NODE_9_length_5734_cov_132.335117,0.9788,Viruses;Riboviria;Orthornavirae;Pisuviricota;Pisoniviricetes;Picornavirales
3,H7NKYDSX3_104762-001-003_81_GCCGTCGA-GTGATTAA_L001,NODE_8_length_5896_cov_97.141446,0.978,Viruses;Riboviria;Orthornavirae;Kitrinoviricota;Tolucaviricetes;Tolivirales
4,H7NKYDSX3_104762-001-003_81_GCCGTCGA-GTGATTAA_L001,NODE_11_length_4841_cov_522.970089,0.9754,Viruses;Riboviria;Orthornavirae;Kitrinoviricota;Magsaviricetes;Nodamuvirales
5,H7NKYDSX3_104762-001-003_81_GCCGTCGA-GTGATTAA_L001,NODE_394_length_1510_cov_142.808388,0.9752,Viruses;Riboviria;Orthornavirae;Kitrinoviricota;Tolucaviricetes;Tolivirales;Tombusviridae
6,H7NKYDSX3_104762-001-003_81_GCCGTCGA-GTGATTAA_L001,NODE_98_length_2449_cov_21.019811,0.9749,Viruses;Riboviria;Orthornavirae;Kitrinoviricota;Magsaviricetes;Nodamuvirales
7,H7NKYDSX3_104762-001-003_81_GCCGTCGA-GTGATTAA_L001,NODE_123_length_2311_cov_29.356685,0.9746,Viruses;Riboviria;Orthornavirae;Lenarviricota
8,H7NKYDSX3_104762-001-003_81_GCCGTCGA-GTGATTAA_L001,NODE_214_length_1916_cov_27.599217,0.9724,Viruses;Monodnaviria;Shotokuvirae;Cressdnaviricota
9,H7NKYDSX3_104762-001-003_81_GCCGTCGA-GTGATTAA_L001,NODE_24_length_3784_cov_47.743506,0.9716,Viruses;Riboviria
10,H7NKYDSX3_104762-001-003_81_GCCGTCGA-GTGATTAA_L001,NODE_109_length_2382_cov_202.750333,0.9701,Viruses;Riboviria;Orthornavirae;Kitrinoviricota;Magsaviricetes;Nodamuvirales
11,H7NKYDSX3_104762-001-003_81_GCCGTCGA-GTGATTAA_L001,NODE_91_length_2491_cov_194.422589,0.9672,Viruses;Monodnaviria;Shotokuvirae;Cressdnaviricota;Arfiviricetes;Cremevirales
12,H7NKYDSX3_104762-001-003_81_GCCGTCGA-GTGATTAA_L001,NODE_89_length_2503_cov_15.815657,0.9639,Viruses;Riboviria
13,H7NKYDSX3_104762-001-003_81_GCCGTCGA-GTGATTAA_L001,NODE_29_length_3745_cov_49.098121,0.9638,Viruses;Riboviria;Orthornavirae;Pisuviricota;Stelpaviricetes
14,H7NKYDSX3_104762-001-003_81_GCCGTCGA-GTGATTAA_L001,NODE_44_length_3244_cov_544.241899,0.9619,Viruses;Riboviria;Orthornavirae;Kitrinoviricota;Magsaviricetes;Nodamuvirales
15,H7NKYDSX3_104762-001-003_81_GCCGTCGA-GTGATTAA_L001,NODE_12_length_4603_cov_340.244861,0.9614,Viruses;Riboviria;Orthornavirae
16,H7NKYDSX3_104762-001-003_81_GCCGTCGA-GTGATTAA_L001,NODE_38_length_3380_cov_119.968952,0.9587,Viruses;Riboviria
17,H7NKYDSX3_104762-001-003_81_GCCGTCGA-GTGATTAA_L001,NODE_370_length_1546_cov_27.482734,0.9582,Viruses;Monodnaviria;Shotokuvirae;Cressdnaviricota;Arfiviricetes;Cremevirales
18,H7NKYDSX3_104762-001-003_81_GCCGTCGA-GTGATTAA_L001,NODE_7_length_5915_cov_4949.445232,0.9581,Viruses;Riboviria;Orthornavirae;Pisuviricota;Pisoniviricetes;Picornavirales
19,H7NKYDSX3_104762-001-003_81_GCCGTCGA-GTGATTAA_L001,NODE_94_length_2469_cov_50.061913,0.9559,Viruses;Riboviria;Orthornavirae;Pisuviricota;Duplopiviricetes;Durnavirales
20,H7NKYDSX3_104762-001-003_81_GCCGTCGA-GTGATTAA_L001,NODE_57_length_2960_cov_49.164137,0.9513,Viruses;Riboviria;Orthornavirae;Kitrinoviricota;Tolucaviricetes;Tolivirales
21,H7NKYDSX3_104762-001-003_81_GCCGTCGA-GTGATTAA_L001,NODE_27_length_3757_cov_221.377135,0.9489,Viruses;Riboviria;Orthornavirae
22,H7NKYDSX3_104762-001-003_81_GCCGTCGA-GTGATTAA_L001,NODE_10_length_4922_cov_730.008133,0.9473,Viruses;Monodnaviria;Shotokuvirae;Cossaviricota;Quintoviricetes;Piccovirales;Parvoviridae
23,H7NKYDSX3_104762-001-003_81_GCCGTCGA-GTGATTAA_L001,NODE_13_length_4544_cov_1192.274394,0.9464,Viruses;Riboviria
24,H7NKYDSX3_104762-001-003_81_GCCGTCGA-GTGATTAA_L001,NODE_263_length_1790_cov_450.691521,0.9448,Viruses;Monodnaviria;Shotokuvirae;Cressdnaviricota;Arfiviricetes;Cirlivirales
25,H7NKYDSX3_104762-001-003_81_GCCGTCGA-GTGATTAA_L001,NODE_792_length_1166_cov_23.856593,0.9428,Viruses;Monodnaviria;Shotokuvirae;Cressdnaviricota;Arfiviricetes;Mulpavirales
26,H7NKYDSX3_104762-001-003_81_GCCGTCGA-GTGATTAA_L001,NODE_86_length_2528_cov_1760.369013,0.9399,Viruses;Riboviria
27,H7NKYDSX3_104762-001-003_81_GCCGTCGA-GTGATTAA_L001,NODE_163_length_2077_cov_74.668205,0.9356,Viruses;Monodnaviria;Shotokuvirae;Cressdnaviricota;Arfiviricetes;Cremevirales
28,H7NKYDSX3_104762-001-003_81_GCCGTCGA-GTGATTAA_L001,NODE_168_length_2059_cov_135.000518,0.9231,Viruses;Monodnaviria;Shotokuvirae;Cressdnaviricota;Arfiviricetes;Cirlivirales
29,H7NKYDSX3_104762-001-003_81_GCCGTCGA-GTGATTAA_L001,NODE_217_length_1907_cov_71.794382,0.9219,Viruses;Monodnaviria;Shotokuvirae;Cressdnaviricota;Arfiviricetes
30,H7NKYDSX3_104762-001-003_81_GCCGTCGA-GTGATTAA_L001,NODE_105_length_2407_cov_79.784649,0.8862,Viruses;Monodnaviria;Shotokuvirae;Cressdnaviricota;Arfiviricetes;Cremevirales
31,H7NKYDSX3_104762-001-003_81_GCCGTCGA-GTGATTAA_L001,NODE_35_length_3452_cov_1069.315489,0.8838,Viruses;Riboviria;Orthornavirae;Pisuviricota;Pisoniviricetes;Sobelivirales
32,H7NKYDSX3_104762-001-003_81_GCCGTCGA-GTGATTAA_L001,NODE_289_length_1709_cov_20.615676,0.8716,Viruses;Monodnaviria;Shotokuvirae;Cressdnaviricota
33,H7NKYDSX3_104762-001-003_81_GCCGTCGA-GTGATTAA_L001,NODE_157_length_2102_cov_31.022278,0.8639,Viruses;Monodnaviria;Shotokuvirae;Cressdnaviricota;Arfiviricetes;Cirlivirales;Circoviridae
34,H7NKYDSX3_104762-001-003_81_GCCGTCGA-GTGATTAA_L001,NODE_171_length_2046_cov_771.986451,0.8605,Viruses;Monodnaviria;Shotokuvirae;Cressdnaviricota;Arfiviricetes;Cirlivirales
35,H7NKYDSX3_104762-001-003_81_GCCGTCGA-GTGATTAA_L001,NODE_173_length_2038_cov_19.204082,0.8381,Viruses;Monodnaviria;Shotokuvirae;Cressdnaviricota;Arfiviricetes
36,H7NKYDSX3_104762-001-003_81_GCCGTCGA-GTGATTAA_L001,NODE_412_length_1491_cov_53.036657,0.8223,Viruses;Monodnaviria;Shotokuvirae;Cressdnaviricota;Arfiviricetes;Cirlivirales
37,H7NKYDSX3_104762-001-003_81_GCCGTCGA-GTGATTAA_L001,NODE_234_length_1863_cov_34.336406,0.7934,Viruses;Monodnaviria;Shotokuvirae;Cressdnaviricota;Arfiviricetes;Cirlivirales
38,H7NKYDSX3_104762-001-003_81_GCCGTCGA-GTGATTAA_L001,NODE_113_length_2366_cov_94.707905,0.7415,Viruses;Monodnaviria;Shotokuvirae;Cressdnaviricota;Arfiviricetes;Cremevirales
39,H7NKYDSX3_104762-001-003_81_GCCGTCGA-GTGATTAA_L001,NODE_78_length_2629_cov_434.820943,0.7333,Viruses;Monodnaviria;Shotokuvirae;Cressdnaviricota;Arfiviricetes;Cremevirales
0,H7NKYDSX3_104762-001-003_57_CTATGCGT-TGATATTC_L001,NODE_1_length_7706_cov_2568.633329,0.9825,Viruses;Riboviria;Orthornavirae;Pisuviricota;Pisoniviricetes;Picornavirales;Caliciviridae
1,H7NKYDSX3_104762-001-003_57_CTATGCGT-TGATATTC_L001,NODE_11_length_4599_cov_52.647138,0.9783,Viruses;Riboviria;Orthornavirae;Kitrinoviricota;Tolucaviricetes;Tolivirales;Tombusviridae
2,H7NKYDSX3_104762-001-003_57_CTATGCGT-TGATATTC_L001,NODE_180_length_1452_cov_766.396981,0.9761,Viruses;Monodnaviria;Shotokuvirae;Cressdnaviricota;Arfiviricetes;Cirlivirales;Circoviridae
3,H7NKYDSX3_104762-001-003_57_CTATGCGT-TGATATTC_L001,NODE_12_length_4598_cov_1694.178931,0.9759,Viruses;Riboviria;Orthornavirae;Kitrinoviricota;Tolucaviricetes;Tolivirales;Tombusviridae
4,H7NKYDSX3_104762-001-003_57_CTATGCGT-TGATATTC_L001,NODE_130_length_1675_cov_707.287468,0.9757,Viruses;Monodnaviria;Shotokuvirae;Cressdnaviricota;Arfiviricetes;Cirlivirales;Circoviridae
5,H7NKYDSX3_104762-001-003_57_CTATGCGT-TGATATTC_L001,NODE_137_length_1632_cov_31.502990,0.9755,Viruses;Riboviria;Orthornavirae;Pisuviricota;Pisoniviricetes;Sobelivirales;Solemoviridae
6,H7NKYDSX3_104762-001-003_57_CTATGCGT-TGATATTC_L001,NODE_345_length_1131_cov_76.891434,0.9753,Viruses;Monodnaviria;Shotokuvirae;Cressdnaviricota;Arfiviricetes;Mulpavirales
7,H7NKYDSX3_104762-001-003_57_CTATGCGT-TGATATTC_L001,NODE_17_length_4123_cov_399.498248,0.9737,Viruses;Riboviria;Orthornavirae;Kitrinoviricota;Alsuviricetes;Tymovirales;Tymoviridae
8,H7NKYDSX3_104762-001-003_57_CTATGCGT-TGATATTC_L001,NODE_33_length_3143_cov_141.424403,0.9735,Viruses;Riboviria;Orthornavirae;Kitrinoviricota;Magsaviricetes;Nodamuvirales
9,H7NKYDSX3_104762-001-003_57_CTATGCGT-TGATATTC_L001,NODE_19_length_3864_cov_152.443939,0.9734,Unclassified
10,H7NKYDSX3_104762-001-003_57_CTATGCGT-TGATATTC_L001,NODE_34_length_3067_cov_221.263605,0.9731,Viruses;Riboviria;Orthornavirae;Pisuviricota;Pisoniviricetes;Sobelivirales
11,H7NKYDSX3_104762-001-003_57_CTATGCGT-TGATATTC_L001,NODE_119_length_1737_cov_29.375776,0.9717,Viruses;Monodnaviria;Shotokuvirae;Cressdnaviricota
12,H7NKYDSX3_104762-001-003_57_CTATGCGT-TGATATTC_L001,NODE_13_length_4518_cov_958.799818,0.971,Viruses;Riboviria;Orthornavirae;Pisuviricota;Pisoniviricetes;Picornavirales
13,H7NKYDSX3_104762-001-003_57_CTATGCGT-TGATATTC_L001,NODE_47_length_2580_cov_164.169996,0.9687,Viruses;Riboviria;Orthornavirae;Pisuviricota;Stelpaviricetes
14,H7NKYDSX3_104762-001-003_57_CTATGCGT-TGATATTC_L001,NODE_151_length_1560_cov_13.660851,0.9684,Viruses;Monodnaviria;Shotokuvirae;Cressdnaviricota;Arfiviricetes;Cirlivirales;Circoviridae
15,H7NKYDSX3_104762-001-003_57_CTATGCGT-TGATATTC_L001,NODE_230_length_1347_cov_48.395902,0.9683,Viruses;Riboviria;Orthornavirae;Kitrinoviricota;Magsaviricetes;Nodamuvirales
16,H7NKYDSX3_104762-001-003_57_CTATGCGT-TGATATTC_L001,NODE_16_length_4203_cov_58.256624,0.967,Viruses;Riboviria
17,H7NKYDSX3_104762-001-003_57_CTATGCGT-TGATATTC_L001,NODE_4_length_6121_cov_37.843510,0.9657,Viruses;Riboviria;Orthornavirae;Pisuviricota;Pisoniviricetes;Picornavirales
18,H7NKYDSX3_104762-001-003_57_CTATGCGT-TGATATTC_L001,NODE_29_length_3243_cov_146.521823,0.9646,Viruses;Riboviria;Orthornavirae
19,H7NKYDSX3_104762-001-003_57_CTATGCGT-TGATATTC_L001,NODE_7_length_5550_cov_203.036880,0.9588,Viruses;Riboviria;Orthornavirae;Kitrinoviricota;Alsuviricetes;Hepelivirales
20,H7NKYDSX3_104762-001-003_57_CTATGCGT-TGATATTC_L001,NODE_6_length_5627_cov_98.365273,0.9583,Viruses;Riboviria
21,H7NKYDSX3_104762-001-003_57_CTATGCGT-TGATATTC_L001,NODE_242_length_1326_cov_886.265221,0.9556,Viruses;Monodnaviria;Shotokuvirae;Cressdnaviricota;Arfiviricetes;Cirlivirales
22,H7NKYDSX3_104762-001-003_57_CTATGCGT-TGATATTC_L001,NODE_3_length_7165_cov_92.768968,0.9549,Viruses;Riboviria
23,H7NKYDSX3_104762-001-003_57_CTATGCGT-TGATATTC_L001,NODE_27_length_3306_cov_122.898710,0.9488,Viruses;Riboviria;Orthornavirae;Kitrinoviricota;Tolucaviricetes;Tolivirales
24,H7NKYDSX3_104762-001-003_57_CTATGCGT-TGATATTC_L001,NODE_246_length_1320_cov_40.070411,0.9471,Viruses;Monodnaviria;Shotokuvirae;Cressdnaviricota;Repensiviricetes;Geplafuvirales
25,H7NKYDSX3_104762-001-003_57_CTATGCGT-TGATATTC_L001,NODE_121_length_1720_cov_21.131827,0.9424,Viruses;Monodnaviria;Shotokuvirae;Cressdnaviricota
26,H7NKYDSX3_104762-001-003_57_CTATGCGT-TGATATTC_L001,NODE_20_length_3734_cov_90.033269,0.9406,Viruses;Riboviria
27,H7NKYDSX3_104762-001-003_57_CTATGCGT-TGATATTC_L001,NODE_170_length_1472_cov_146.962825,0.9378,Viruses;Monodnaviria;Shotokuvirae;Cressdnaviricota;Arfiviricetes;Cremevirales
28,H7NKYDSX3_104762-001-003_57_CTATGCGT-TGATATTC_L001,NODE_15_length_4475_cov_122.287489,0.9288,Viruses;Riboviria
29,H7NKYDSX3_104762-001-003_57_CTATGCGT-TGATATTC_L001,NODE_747_length_860_cov_1186.259209,0.8987,Viruses;Monodnaviria;Shotokuvirae;Cressdnaviricota;Arfiviricetes;Cirlivirales
30,H7NKYDSX3_104762-001-003_57_CTATGCGT-TGATATTC_L001,NODE_63_length_2280_cov_280.819322,0.8847,Viruses;Monodnaviria;Shotokuvirae;Cressdnaviricota;Arfiviricetes;Cirlivirales
31,H7NKYDSX3_104762-001-003_57_CTATGCGT-TGATATTC_L001,NODE_37_length_2850_cov_734.939405,0.8822,Viruses;Monodnaviria;Shotokuvirae;Cressdnaviricota;Arfiviricetes;Cremevirales
32,H7NKYDSX3_104762-001-003_57_CTATGCGT-TGATATTC_L001,NODE_97_length_1905_cov_14344.502250,0.8787,Viruses;Monodnaviria;Shotokuvirae;Cressdnaviricota;Arfiviricetes
33,H7NKYDSX3_104762-001-003_57_CTATGCGT-TGATATTC_L001,NODE_18_length_4063_cov_71.451220,0.8628,Viruses;Riboviria
34,H7NKYDSX3_104762-001-003_57_CTATGCGT-TGATATTC_L001,NODE_9_length_4940_cov_128.442759,0.8608,Viruses;Riboviria
35,H7NKYDSX3_104762-001-003_57_CTATGCGT-TGATATTC_L001,NODE_116_length_1747_cov_162.677160,0.754,Viruses;Monodnaviria;Shotokuvirae;Cressdnaviricota;Arfiviricetes;Cirlivirales
0,H7NKYDSX3_104762-001-003_06_CCAGTTAG-ATGACAGG_L001,NODE_32_length_4258_cov_385.691842,0.9814,Viruses;Monodnaviria;Sangervirae;Phixviricota;Malgrandaviricetes;Petitvirales;Microviridae
1,H7NKYDSX3_104762-001-003_06_CCAGTTAG-ATGACAGG_L001,NODE_111_length_2416_cov_349.366972,0.981,Viruses;Monodnaviria;Shotokuvirae;Cressdnaviricota
2,H7NKYDSX3_104762-001-003_06_CCAGTTAG-ATGACAGG_L001,NODE_69_length_2998_cov_289.524556,0.9808,Viruses;Monodnaviria;Sangervirae;Phixviricota;Malgrandaviricetes;Petitvirales;Microviridae
3,H7NKYDSX3_104762-001-003_06_CCAGTTAG-ATGACAGG_L001,NODE_83_length_2806_cov_1688.308324,0.9803,Viruses;Monodnaviria;Sangervirae;Phixviricota;Malgrandaviricetes;Petitvirales;Microviridae
4,H7NKYDSX3_104762-001-003_06_CCAGTTAG-ATGACAGG_L001,NODE_91_length_2723_cov_24.775424,0.9802,Viruses;Monodnaviria;Shotokuvirae;Cressdnaviricota
5,H7NKYDSX3_104762-001-003_06_CCAGTTAG-ATGACAGG_L001,NODE_24_length_4342_cov_259.935231,0.9789,Viruses;Monodnaviria;Sangervirae;Phixviricota;Malgrandaviricetes;Petitvirales;Microviridae
6,H7NKYDSX3_104762-001-003_06_CCAGTTAG-ATGACAGG_L001,NODE_4_length_7066_cov_2683.293270,0.9788,Viruses;Riboviria;Orthornavirae;Pisuviricota;Pisoniviricetes;Picornavirales;Caliciviridae
7,H7NKYDSX3_104762-001-003_06_CCAGTTAG-ATGACAGG_L001,NODE_20_length_4547_cov_212.657014,0.9782,Viruses;Riboviria;Orthornavirae;Pisuviricota;Pisoniviricetes;Picornavirales
8,H7NKYDSX3_104762-001-003_06_CCAGTTAG-ATGACAGG_L001,NODE_2_length_7806_cov_91.315666,0.9779,Viruses;Riboviria;Orthornavirae;Pisuviricota;Pisoniviricetes;Picornavirales
9,H7NKYDSX3_104762-001-003_06_CCAGTTAG-ATGACAGG_L001,NODE_36_length_3876_cov_622.158442,0.976,Viruses;Riboviria;Orthornavirae;Kitrinoviricota;Tolucaviricetes;Tolivirales;Tombusviridae
10,H7NKYDSX3_104762-001-003_06_CCAGTTAG-ATGACAGG_L001,NODE_102_length_2524_cov_157.138924,0.9759,Viruses;Monodnaviria;Sangervirae;Phixviricota;Malgrandaviricetes;Petitvirales;Microviridae
11,H7NKYDSX3_104762-001-003_06_CCAGTTAG-ATGACAGG_L001,NODE_86_length_2781_cov_37.683873,0.9758,Viruses;Riboviria
12,H7NKYDSX3_104762-001-003_06_CCAGTTAG-ATGACAGG_L001,NODE_135_length_2188_cov_57.429403,0.9756,Viruses;Monodnaviria;Sangervirae;Phixviricota;Malgrandaviricetes;Petitvirales;Microviridae
13,H7NKYDSX3_104762-001-003_06_CCAGTTAG-ATGACAGG_L001,NODE_21_length_4522_cov_67.369738,0.9747,Viruses;Riboviria;Orthornavirae;Kitrinoviricota;Magsaviricetes;Nodamuvirales;Nodaviridae
14,H7NKYDSX3_104762-001-003_06_CCAGTTAG-ATGACAGG_L001,NODE_138_length_2176_cov_64.067838,0.9744,Viruses;Monodnaviria;Sangervirae;Phixviricota;Malgrandaviricetes;Petitvirales;Microviridae
15,H7NKYDSX3_104762-001-003_06_CCAGTTAG-ATGACAGG_L001,NODE_87_length_2778_cov_56.124859,0.9742,Viruses;Riboviria;Orthornavirae;Kitrinoviricota;Tolucaviricetes;Tolivirales
16,H7NKYDSX3_104762-001-003_06_CCAGTTAG-ATGACAGG_L001,NODE_58_length_3171_cov_121.181669,0.9737,Viruses;Riboviria;Orthornavirae;Kitrinoviricota;Tolucaviricetes;Tolivirales;Tombusviridae
17,H7NKYDSX3_104762-001-003_06_CCAGTTAG-ATGACAGG_L001,NODE_44_length_3622_cov_102.034907,0.9736,Viruses;Riboviria;Orthornavirae;Pisuviricota;Pisoniviricetes;Sobelivirales
18,H7NKYDSX3_104762-001-003_06_CCAGTTAG-ATGACAGG_L001,NODE_12_length_4832_cov_208.812965,0.9735,Viruses;Riboviria;Orthornavirae;Kitrinoviricota;Tolucaviricetes;Tolivirales;Tombusviridae
19,H7NKYDSX3_104762-001-003_06_CCAGTTAG-ATGACAGG_L001,NODE_240_length_1753_cov_30.119311,0.9734,Viruses;Monodnaviria;Shotokuvirae;Cressdnaviricota;Arfiviricetes;Cirlivirales
20,H7NKYDSX3_104762-001-003_06_CCAGTTAG-ATGACAGG_L001,NODE_37_length_3850_cov_11.944131,0.9728,Viruses;Riboviria;Orthornavirae
21,H7NKYDSX3_104762-001-003_06_CCAGTTAG-ATGACAGG_L001,NODE_63_length_3091_cov_100.049595,0.9728,Viruses;Riboviria;Orthornavirae;Kitrinoviricota;Magsaviricetes;Nodamuvirales
22,H7NKYDSX3_104762-001-003_06_CCAGTTAG-ATGACAGG_L001,NODE_99_length_2558_cov_524.754833,0.9716,Viruses;Riboviria;Orthornavirae;Pisuviricota;Pisoniviricetes;Sobelivirales
23,H7NKYDSX3_104762-001-003_06_CCAGTTAG-ATGACAGG_L001,NODE_33_length_4247_cov_153.854854,0.9708,Viruses;Riboviria;Orthornavirae;Pisuviricota;Pisoniviricetes;Sobelivirales
24,H7NKYDSX3_104762-001-003_06_CCAGTTAG-ATGACAGG_L001,NODE_51_length_3386_cov_726.193004,0.9693,Viruses;Riboviria;Orthornavirae;Kitrinoviricota;Magsaviricetes;Nodamuvirales
25,H7NKYDSX3_104762-001-003_06_CCAGTTAG-ATGACAGG_L001,NODE_578_length_1265_cov_152.256591,0.9687,Viruses;Monodnaviria;Shotokuvirae;Cressdnaviricota
26,H7NKYDSX3_104762-001-003_06_CCAGTTAG-ATGACAGG_L001,NODE_7_length_5707_cov_41.440681,0.9681,Viruses;Riboviria;Orthornavirae;Pisuviricota;Pisoniviricetes;Picornavirales
27,H7NKYDSX3_104762-001-003_06_CCAGTTAG-ATGACAGG_L001,NODE_81_length_2864_cov_331.591889,0.9674,Viruses;Riboviria;Orthornavirae
28,H7NKYDSX3_104762-001-003_06_CCAGTTAG-ATGACAGG_L001,NODE_22_length_4445_cov_28.144511,0.9673,Viruses;Riboviria
29,H7NKYDSX3_104762-001-003_06_CCAGTTAG-ATGACAGG_L001,NODE_54_length_3263_cov_1338.270727,0.9631,Viruses;Riboviria
30,H7NKYDSX3_104762-001-003_06_CCAGTTAG-ATGACAGG_L001,NODE_31_length_4261_cov_1822.639816,0.9612,Viruses;Riboviria;Orthornavirae;Lenarviricota
31,H7NKYDSX3_104762-001-003_06_CCAGTTAG-ATGACAGG_L001,NODE_56_length_3244_cov_352.991338,0.9603,Viruses;Riboviria
32,H7NKYDSX3_104762-001-003_06_CCAGTTAG-ATGACAGG_L001,NODE_8_length_5593_cov_623.163739,0.9599,Viruses;Riboviria;Orthornavirae;Kitrinoviricota;Alsuviricetes;Hepelivirales
33,H7NKYDSX3_104762-001-003_06_CCAGTTAG-ATGACAGG_L001,NODE_53_length_3285_cov_59.378721,0.9598,Viruses;Riboviria;Orthornavirae
34,H7NKYDSX3_104762-001-003_06_CCAGTTAG-ATGACAGG_L001,NODE_134_length_2188_cov_78.326541,0.9591,Viruses;Monodnaviria;Shotokuvirae;Cressdnaviricota;Arfiviricetes;Mulpavirales
35,H7NKYDSX3_104762-001-003_06_CCAGTTAG-ATGACAGG_L001,NODE_109_length_2473_cov_356.053708,0.9588,Viruses;Riboviria;Orthornavirae;Kitrinoviricota;Tolucaviricetes;Tolivirales
36,H7NKYDSX3_104762-001-003_06_CCAGTTAG-ATGACAGG_L001,NODE_90_length_2748_cov_77.714994,0.9576,Viruses;Riboviria
37,H7NKYDSX3_104762-001-003_06_CCAGTTAG-ATGACAGG_L001,NODE_966_length_1028_cov_13.198668,0.9563,Viruses;Monodnaviria;Shotokuvirae;Cressdnaviricota;Arfiviricetes;Cirlivirales
38,H7NKYDSX3_104762-001-003_06_CCAGTTAG-ATGACAGG_L001,NODE_259_length_1705_cov_113.210393,0.956,Viruses;Monodnaviria;Shotokuvirae;Cressdnaviricota;Arfiviricetes;Cirlivirales
39,H7NKYDSX3_104762-001-003_06_CCAGTTAG-ATGACAGG_L001,NODE_106_length_2496_cov_635.909244,0.9559,Viruses;Riboviria;Orthornavirae;Kitrinoviricota;Tolucaviricetes;Tolivirales
40,H7NKYDSX3_104762-001-003_06_CCAGTTAG-ATGACAGG_L001,NODE_84_length_2804_cov_353.195742,0.9558,Viruses;Riboviria;Orthornavirae;Kitrinoviricota;Tolucaviricetes;Tolivirales
41,H7NKYDSX3_104762-001-003_06_CCAGTTAG-ATGACAGG_L001,NODE_619_length_1231_cov_352.861413,0.9533,Viruses;Monodnaviria;Shotokuvirae;Cressdnaviricota;Arfiviricetes;Cirlivirales
42,H7NKYDSX3_104762-001-003_06_CCAGTTAG-ATGACAGG_L001,NODE_307_length_1587_cov_45.009589,0.9528,Viruses;Monodnaviria;Shotokuvirae;Cressdnaviricota;Arfiviricetes;Mulpavirales
43,H7NKYDSX3_104762-001-003_06_CCAGTTAG-ATGACAGG_L001,NODE_14_length_4773_cov_262.379251,0.9497,Viruses;Riboviria;Orthornavirae;Kitrinoviricota;Magsaviricetes;Nodamuvirales
44,H7NKYDSX3_104762-001-003_06_CCAGTTAG-ATGACAGG_L001,NODE_29_length_4273_cov_100.558852,0.9489,Viruses;Riboviria;Orthornavirae;Lenarviricota
45,H7NKYDSX3_104762-001-003_06_CCAGTTAG-ATGACAGG_L001,NODE_15_length_4757_cov_537.938877,0.9478,Viruses;Riboviria
46,H7NKYDSX3_104762-001-003_06_CCAGTTAG-ATGACAGG_L001,NODE_889_length_1064_cov_18.863394,0.9463,Viruses;Monodnaviria;Shotokuvirae;Cressdnaviricota;Arfiviricetes;Cirlivirales
47,H7NKYDSX3_104762-001-003_06_CCAGTTAG-ATGACAGG_L001,NODE_64_length_3079_cov_138.499661,0.9462,Viruses;Monodnaviria;Shotokuvirae;Cressdnaviricota
48,H7NKYDSX3_104762-001-003_06_CCAGTTAG-ATGACAGG_L001,NODE_239_length_1758_cov_107.890865,0.9435,Viruses;Monodnaviria;Shotokuvirae;Cressdnaviricota;Arfiviricetes;Cirlivirales
49,H7NKYDSX3_104762-001-003_06_CCAGTTAG-ATGACAGG_L001,NODE_656_length_1203_cov_9.092007,0.9431,Viruses;Monodnaviria;Shotokuvirae;Cressdnaviricota
50,H7NKYDSX3_104762-001-003_06_CCAGTTAG-ATGACAGG_L001,NODE_409_length_1441_cov_388.490868,0.9413,Viruses;Monodnaviria;Shotokuvirae;Cressdnaviricota;Arfiviricetes;Cirlivirales
51,H7NKYDSX3_104762-001-003_06_CCAGTTAG-ATGACAGG_L001,NODE_105_length_2506_cov_102.440101,0.9406,Viruses;Monodnaviria;Shotokuvirae;Cressdnaviricota;Arfiviricetes;Cremevirales
52,H7NKYDSX3_104762-001-003_06_CCAGTTAG-ATGACAGG_L001,NODE_263_length_1687_cov_19.584615,0.9376,Viruses;Monodnaviria;Shotokuvirae;Cressdnaviricota;Arfiviricetes;Cremevirales
53,H7NKYDSX3_104762-001-003_06_CCAGTTAG-ATGACAGG_L001,NODE_93_length_2680_cov_116.392088,0.9356,Viruses;Riboviria
54,H7NKYDSX3_104762-001-003_06_CCAGTTAG-ATGACAGG_L001,NODE_243_length_1742_cov_100.191331,0.9316,Viruses;Monodnaviria;Shotokuvirae;Cressdnaviricota;Arfiviricetes;Cirlivirales
55,H7NKYDSX3_104762-001-003_06_CCAGTTAG-ATGACAGG_L001,NODE_183_length_1923_cov_1161.312918,0.927,Viruses;Monodnaviria;Shotokuvirae;Cressdnaviricota;Arfiviricetes;Cirlivirales;Circoviridae
56,H7NKYDSX3_104762-001-003_06_CCAGTTAG-ATGACAGG_L001,NODE_16_length_4736_cov_106.090258,0.9106,Viruses;Riboviria;Orthornavirae;Pisuviricota;Pisoniviricetes;Sobelivirales
57,H7NKYDSX3_104762-001-003_06_CCAGTTAG-ATGACAGG_L001,NODE_760_length_1130_cov_56.390828,0.9067,Viruses;Monodnaviria;Shotokuvirae;Cressdnaviricota;Arfiviricetes;Cirlivirales
58,H7NKYDSX3_104762-001-003_06_CCAGTTAG-ATGACAGG_L001,NODE_298_length_1603_cov_18.557588,0.8972,Viruses;Monodnaviria;Shotokuvirae;Cressdnaviricota;Repensiviricetes;Geplafuvirales
59,H7NKYDSX3_104762-001-003_06_CCAGTTAG-ATGACAGG_L001,NODE_72_length_2971_cov_63.386428,0.892,Viruses;Riboviria;Orthornavirae;Pisuviricota;Pisoniviricetes;Sobelivirales
60,H7NKYDSX3_104762-001-003_06_CCAGTTAG-ATGACAGG_L001,NODE_62_length_3111_cov_149.569370,0.8811,Viruses;Riboviria
61,H7NKYDSX3_104762-001-003_06_CCAGTTAG-ATGACAGG_L001,NODE_237_length_1759_cov_2118.362745,0.8799,Viruses;Monodnaviria;Shotokuvirae;Cressdnaviricota;Arfiviricetes;Cirlivirales
62,H7NKYDSX3_104762-001-003_06_CCAGTTAG-ATGACAGG_L001,NODE_18_length_4651_cov_661.295977,0.8771,Viruses;Monodnaviria;Shotokuvirae;Cossaviricota;Quintoviricetes;Piccovirales;Parvoviridae
63,H7NKYDSX3_104762-001-003_06_CCAGTTAG-ATGACAGG_L001,NODE_445_length_1395_cov_38.536278,0.8649,Viruses;Monodnaviria;Shotokuvirae;Cressdnaviricota;Arfiviricetes;Cremevirales
64,H7NKYDSX3_104762-001-003_06_CCAGTTAG-ATGACAGG_L001,NODE_522_length_1313_cov_21.852445,0.8514,Viruses;Monodnaviria;Shotokuvirae;Cressdnaviricota;Arfiviricetes;Cirlivirales
65,H7NKYDSX3_104762-001-003_06_CCAGTTAG-ATGACAGG_L001,NODE_41_length_3724_cov_256.222964,0.8416,Viruses;Riboviria
66,H7NKYDSX3_104762-001-003_06_CCAGTTAG-ATGACAGG_L001,NODE_672_length_1187_cov_71.933019,0.8416,Viruses;Monodnaviria;Shotokuvirae;Cressdnaviricota;Arfiviricetes;Cirlivirales
67,H7NKYDSX3_104762-001-003_06_CCAGTTAG-ATGACAGG_L001,NODE_256_length_1709_cov_13.369785,0.815,Viruses;Monodnaviria;Shotokuvirae;Cressdnaviricota;Arfiviricetes;Cirlivirales
68,H7NKYDSX3_104762-001-003_06_CCAGTTAG-ATGACAGG_L001,NODE_9_length_5550_cov_139.492163,0.7785,Viruses;Monodnaviria;Shotokuvirae;Cossaviricota;Quintoviricetes;Piccovirales
69,H7NKYDSX3_104762-001-003_06_CCAGTTAG-ATGACAGG_L001,NODE_107_length_2486_cov_39.364561,0.7308,Viruses;Monodnaviria;Shotokuvirae;Cressdnaviricota;Arfiviricetes;Cremevirales
0,HCFKNDSX3_104762-001-002_14_CGTTACCA-TAGCGTTC_L004,NODE_54_length_2230_cov_407.677128,0.9806,Viruses;Monodnaviria;Shotokuvirae;Cressdnaviricota;Arfiviricetes
1,HCFKNDSX3_104762-001-002_14_CGTTACCA-TAGCGTTC_L004,NODE_18_length_3058_cov_57.145002,0.9801,Viruses;Monodnaviria;Sangervirae;Phixviricota;Malgrandaviricetes;Petitvirales;Microviridae
2,HCFKNDSX3_104762-001-002_14_CGTTACCA-TAGCGTTC_L004,NODE_2_length_7160_cov_533.622778,0.9783,Viruses;Riboviria;Orthornavirae;Pisuviricota;Pisoniviricetes;Picornavirales;Caliciviridae
3,HCFKNDSX3_104762-001-002_14_CGTTACCA-TAGCGTTC_L004,NODE_28_length_2704_cov_31.257276,0.9751,Viruses;Riboviria;Orthornavirae;Kitrinoviricota;Magsaviricetes;Nodamuvirales
4,HCFKNDSX3_104762-001-002_14_CGTTACCA-TAGCGTTC_L004,NODE_44_length_2412_cov_249.253829,0.974,Viruses;Monodnaviria;Shotokuvirae;Cressdnaviricota;Arfiviricetes
5,HCFKNDSX3_104762-001-002_14_CGTTACCA-TAGCGTTC_L004,NODE_100_length_1833_cov_866.451348,0.9726,Viruses;Monodnaviria;Shotokuvirae;Cressdnaviricota;Arfiviricetes
6,HCFKNDSX3_104762-001-002_14_CGTTACCA-TAGCGTTC_L004,NODE_42_length_2421_cov_36.160418,0.9697,Viruses;Monodnaviria;Shotokuvirae;Cressdnaviricota;Arfiviricetes;Cirlivirales;Circoviridae
7,HCFKNDSX3_104762-001-002_14_CGTTACCA-TAGCGTTC_L004,NODE_49_length_2304_cov_13.326596,0.9676,Viruses;Monodnaviria;Shotokuvirae;Cressdnaviricota;Arfiviricetes
8,HCFKNDSX3_104762-001-002_14_CGTTACCA-TAGCGTTC_L004,NODE_104_length_1804_cov_538.338700,0.9603,Viruses;Monodnaviria;Shotokuvirae;Cressdnaviricota;Arfiviricetes;Cirlivirales;Circoviridae
9,HCFKNDSX3_104762-001-002_14_CGTTACCA-TAGCGTTC_L004,NODE_14_length_3213_cov_97.579715,0.957,Viruses;Riboviria
10,HCFKNDSX3_104762-001-002_14_CGTTACCA-TAGCGTTC_L004,NODE_32_length_2627_cov_61.488000,0.9568,Viruses;Monodnaviria;Sangervirae;Phixviricota;Malgrandaviricetes;Petitvirales;Microviridae
11,HCFKNDSX3_104762-001-002_14_CGTTACCA-TAGCGTTC_L004,NODE_13_length_3244_cov_483.042348,0.939,Viruses;Riboviria
12,HCFKNDSX3_104762-001-002_14_CGTTACCA-TAGCGTTC_L004,NODE_234_length_1276_cov_163.389904,0.9352,Viruses;Monodnaviria;Shotokuvirae;Cressdnaviricota;Arfiviricetes;Cremevirales
13,HCFKNDSX3_104762-001-002_14_CGTTACCA-TAGCGTTC_L004,NODE_217_length_1311_cov_80.353885,0.9244,Viruses;Monodnaviria;Shotokuvirae;Cressdnaviricota;Arfiviricetes;Mulpavirales
14,HCFKNDSX3_104762-001-002_14_CGTTACCA-TAGCGTTC_L004,NODE_47_length_2327_cov_70.302727,0.9235,Viruses;Monodnaviria;Shotokuvirae;Cressdnaviricota;Arfiviricetes;Mulpavirales
15,HCFKNDSX3_104762-001-002_14_CGTTACCA-TAGCGTTC_L004,NODE_12_length_3397_cov_1610.313150,0.9188,Viruses;Monodnaviria;Shotokuvirae;Cossaviricota;Quintoviricetes;Piccovirales
16,HCFKNDSX3_104762-001-002_14_CGTTACCA-TAGCGTTC_L004,NODE_113_length_1759_cov_21.613971,0.9076,Viruses;Monodnaviria;Shotokuvirae;Cressdnaviricota;Arfiviricetes;Cremevirales
17,HCFKNDSX3_104762-001-002_14_CGTTACCA-TAGCGTTC_L004,NODE_218_length_1311_cov_14.470439,0.8967,Viruses;Monodnaviria;Shotokuvirae;Cressdnaviricota;Arfiviricetes;Cremevirales
18,HCFKNDSX3_104762-001-002_14_CGTTACCA-TAGCGTTC_L004,NODE_63_length_2070_cov_55.744210,0.8247,Viruses;Monodnaviria;Shotokuvirae;Cressdnaviricota;Arfiviricetes;Cirlivirales
0,HCFKNDSX3_104762-001-002_63_TCGCTAGA-GCAGTACT_L004,NODE_1_length_7697_cov_184.464069,0.983,Viruses;Riboviria;Orthornavirae;Pisuviricota;Pisoniviricetes;Picornavirales;Caliciviridae
1,HCFKNDSX3_104762-001-002_63_TCGCTAGA-GCAGTACT_L004,NODE_46_length_2189_cov_22.284190,0.9785,Viruses;Monodnaviria;Shotokuvirae;Cressdnaviricota;Arfiviricetes
2,HCFKNDSX3_104762-001-002_63_TCGCTAGA-GCAGTACT_L004,NODE_9_length_4318_cov_1210.103317,0.9762,Viruses;Riboviria;Orthornavirae;Kitrinoviricota;Tolucaviricetes;Tolivirales;Tombusviridae
3,HCFKNDSX3_104762-001-002_63_TCGCTAGA-GCAGTACT_L004,NODE_6_length_5629_cov_134.270447,0.9755,Viruses;Riboviria
4,HCFKNDSX3_104762-001-002_63_TCGCTAGA-GCAGTACT_L004,NODE_16_length_3497_cov_411.888724,0.975,Viruses;Riboviria;Orthornavirae;Kitrinoviricota;Tolucaviricetes;Tolivirales;Tombusviridae
5,HCFKNDSX3_104762-001-002_63_TCGCTAGA-GCAGTACT_L004,NODE_37_length_2474_cov_33.493396,0.9749,Viruses;Riboviria;Orthornavirae;Kitrinoviricota;Magsaviricetes;Nodamuvirales
6,HCFKNDSX3_104762-001-002_63_TCGCTAGA-GCAGTACT_L004,NODE_29_length_2704_cov_58.626698,0.9729,Viruses;Riboviria;Orthornavirae;Lenarviricota
7,HCFKNDSX3_104762-001-002_63_TCGCTAGA-GCAGTACT_L004,NODE_25_length_2745_cov_32.657372,0.9709,Viruses;Riboviria;Orthornavirae;Kitrinoviricota;Tolucaviricetes;Tolivirales;Tombusviridae
8,HCFKNDSX3_104762-001-002_63_TCGCTAGA-GCAGTACT_L004,NODE_41_length_2323_cov_418.025956,0.9681,Viruses;Monodnaviria;Shotokuvirae;Cressdnaviricota;Arfiviricetes
9,HCFKNDSX3_104762-001-002_63_TCGCTAGA-GCAGTACT_L004,NODE_58_length_2093_cov_49.377925,0.9678,Viruses;Monodnaviria;Shotokuvirae;Cressdnaviricota;Arfiviricetes;Cirlivirales;Circoviridae
10,HCFKNDSX3_104762-001-002_63_TCGCTAGA-GCAGTACT_L004,NODE_14_length_3668_cov_151.992657,0.9664,Viruses;Riboviria;Orthornavirae;Pisuviricota;Pisoniviricetes;Sobelivirales
11,HCFKNDSX3_104762-001-002_63_TCGCTAGA-GCAGTACT_L004,NODE_8_length_4471_cov_151.231354,0.966,Viruses;Monodnaviria;Shotokuvirae;Cossaviricota;Quintoviricetes;Piccovirales;Parvoviridae
12,HCFKNDSX3_104762-001-002_63_TCGCTAGA-GCAGTACT_L004,NODE_21_length_2967_cov_622.307042,0.965,Viruses;Riboviria
13,HCFKNDSX3_104762-001-002_63_TCGCTAGA-GCAGTACT_L004,NODE_2_length_7377_cov_37.147724,0.9626,Viruses;Riboviria;Orthornavirae;Pisuviricota;Pisoniviricetes;Picornavirales
14,HCFKNDSX3_104762-001-002_63_TCGCTAGA-GCAGTACT_L004,NODE_26_length_2720_cov_58.359815,0.9624,Viruses;Riboviria;Orthornavirae;Pisuviricota;Pisoniviricetes;Sobelivirales
15,HCFKNDSX3_104762-001-002_63_TCGCTAGA-GCAGTACT_L004,NODE_55_length_2116_cov_51.871795,0.9592,Viruses;Monodnaviria;Shotokuvirae;Cressdnaviricota;Arfiviricetes
16,HCFKNDSX3_104762-001-002_63_TCGCTAGA-GCAGTACT_L004,NODE_39_length_2445_cov_22.899914,0.9592,Viruses;Monodnaviria;Sangervirae;Phixviricota;Malgrandaviricetes;Petitvirales
17,HCFKNDSX3_104762-001-002_63_TCGCTAGA-GCAGTACT_L004,NODE_7_length_5320_cov_45.234547,0.9563,Viruses;Riboviria;Orthornavirae;Pisuviricota;Pisoniviricetes;Picornavirales
18,HCFKNDSX3_104762-001-002_63_TCGCTAGA-GCAGTACT_L004,NODE_220_length_1375_cov_14.184295,0.9499,Viruses;Monodnaviria;Shotokuvirae;Cressdnaviricota;Arfiviricetes;Mulpavirales
19,HCFKNDSX3_104762-001-002_63_TCGCTAGA-GCAGTACT_L004,NODE_27_length_2713_cov_31.663960,0.948,Viruses;Riboviria
20,HCFKNDSX3_104762-001-002_63_TCGCTAGA-GCAGTACT_L004,NODE_22_length_2751_cov_63.282774,0.9432,Viruses;Riboviria
21,HCFKNDSX3_104762-001-002_63_TCGCTAGA-GCAGTACT_L004,NODE_400_length_1111_cov_13.771341,0.9418,Viruses;Monodnaviria;Shotokuvirae;Cressdnaviricota;Arfiviricetes;Cirlivirales
22,HCFKNDSX3_104762-001-002_63_TCGCTAGA-GCAGTACT_L004,NODE_31_length_2539_cov_36.495439,0.9149,Unclassified
23,HCFKNDSX3_104762-001-002_63_TCGCTAGA-GCAGTACT_L004,NODE_79_length_1888_cov_34.755253,0.9012,Viruses;Monodnaviria;Shotokuvirae;Cressdnaviricota;Arfiviricetes;Mulpavirales
24,HCFKNDSX3_104762-001-002_63_TCGCTAGA-GCAGTACT_L004,NODE_115_length_1659_cov_25.487598,0.8715,Viruses;Monodnaviria;Shotokuvirae;Cressdnaviricota;Arfiviricetes;Cirlivirales
25,HCFKNDSX3_104762-001-002_63_TCGCTAGA-GCAGTACT_L004,NODE_5_length_5920_cov_49.548421,0.8568,Unclassified
26,HCFKNDSX3_104762-001-002_63_TCGCTAGA-GCAGTACT_L004,NODE_11_length_4087_cov_48.286364,0.8353,Unclassified
27,HCFKNDSX3_104762-001-002_63_TCGCTAGA-GCAGTACT_L004,NODE_20_length_2973_cov_74.240337,0.769,Viruses;Riboviria
28,HCFKNDSX3_104762-001-002_63_TCGCTAGA-GCAGTACT_L004,NODE_114_length_1661_cov_207.231421,0.76,Viruses;Monodnaviria;Shotokuvirae;Cressdnaviricota;Arfiviricetes;Cirlivirales
