,coverage,clade_fragments,taxon_fragments,tax_code,taxid,scname,sample
1605,0.0,3,3,S,1960046,                    Hom-1 vesivirus,H7NKYDSX3_104762-001-003_81_GCCGTCGA-GTGATTAA_L001
1619,0.0,519,0,S,11983,                  Norwalk virus,H7NKYDSX3_104762-001-003_81_GCCGTCGA-GTGATTAA_L001
1620,0.0,475,49,S1,122929,                    Norovirus GII,H7NKYDSX3_104762-001-003_81_GCCGTCGA-GTGATTAA_L001
1621,0.0,376,376,S2,490039,                      Norovirus GII.2,H7NKYDSX3_104762-001-003_81_GCCGTCGA-GTGATTAA_L001
1622,0.0,50,50,S2,552592,                      Norovirus GII.17,H7NKYDSX3_104762-001-003_81_GCCGTCGA-GTGATTAA_L001
1681,0.0,497,497,S,194965,                  Aichivirus B,H7NKYDSX3_104762-001-003_81_GCCGTCGA-GTGATTAA_L001
1753,0.0,1,1,S,145856,                  Human picobirnavirus,H7NKYDSX3_104762-001-003_81_GCCGTCGA-GTGATTAA_L001
2017,0.0,24,24,S,11676,                    Human immunodeficiency virus 1,H7NKYDSX3_104762-001-003_81_GCCGTCGA-GTGATTAA_L001
2579,0.0,52,52,S,37296,                    Human gammaherpesvirus 8,H7NKYDSX3_104762-001-003_81_GCCGTCGA-GTGATTAA_L001
2591,0.0,96,96,S,10298,                    Human alphaherpesvirus 1,H7NKYDSX3_104762-001-003_81_GCCGTCGA-GTGATTAA_L001
2593,0.0,1,1,S,10325,                    Macacine alphaherpesvirus 1,H7NKYDSX3_104762-001-003_81_GCCGTCGA-GTGATTAA_L001
2651,0.0,389,389,S1,82300,                      adeno-associated virus 5,H7NKYDSX3_104762-001-003_81_GCCGTCGA-GTGATTAA_L001
2652,0.0,388,388,S1,256548,                      Bovine adeno-associated virus,H7NKYDSX3_104762-001-003_81_GCCGTCGA-GTGATTAA_L001
2655,0.0,511,328,S2,57579,                        Adeno-associated virus - 4,H7NKYDSX3_104762-001-003_81_GCCGTCGA-GTGATTAA_L001
2659,0.0,2,2,S2,46350,                        Adeno-associated virus - 3,H7NKYDSX3_104762-001-003_81_GCCGTCGA-GTGATTAA_L001
2660,0.0,69,69,S1,10804,                      adeno-associated virus 2,H7NKYDSX3_104762-001-003_81_GCCGTCGA-GTGATTAA_L001
2696,0.0,1,1,S1,10799,                      H-1 parvovirus,H7NKYDSX3_104762-001-003_81_GCCGTCGA-GTGATTAA_L001
2702,0.0,88,88,S,1341019,                    Parvovirus NIH-CQV,H7NKYDSX3_104762-001-003_81_GCCGTCGA-GTGATTAA_L001
2810,0.0,13,13,S,1862824,                    Gemycircularvirus HV-GcV1,H7NKYDSX3_104762-001-003_81_GCCGTCGA-GTGATTAA_L001
2824,0.0,178,178,S2,1516081,                      MSSI2.225 virus,H7NKYDSX3_104762-001-003_81_GCCGTCGA-GTGATTAA_L001
2836,0.0,10,10,S2,1862825,                      Gemycircularvirus HV-GcV2,H7NKYDSX3_104762-001-003_81_GCCGTCGA-GTGATTAA_L001
2965,0.0,90,90,S,10243,                    Cowpox virus,H7NKYDSX3_104762-001-003_81_GCCGTCGA-GTGATTAA_L001
2966,0.0,31,31,S,10245,                    Vaccinia virus,H7NKYDSX3_104762-001-003_81_GCCGTCGA-GTGATTAA_L001
2967,0.0,4,4,S,2200830,                    Akhmeta virus,H7NKYDSX3_104762-001-003_81_GCCGTCGA-GTGATTAA_L001
2981,0.0,1,1,S1,10280,                      Molluscum contagiosum virus subtype 1,H7NKYDSX3_104762-001-003_81_GCCGTCGA-GTGATTAA_L001
1370,0.0,1,1,S,1960046,                    Hom-1 vesivirus,HCFKNDSX3_104762-001-002_44_TTAATCAG-CAGATTGG_L004
1528,0.0,34,34,S1,11908,                      Human T-cell leukemia virus type I,HCFKNDSX3_104762-001-002_44_TTAATCAG-CAGATTGG_L004
1531,0.0,21,21,S,338079,                    African green monkey simian foamy virus,HCFKNDSX3_104762-001-002_44_TTAATCAG-CAGATTGG_L004
1795,0.0,76,76,S,37296,                    Human gammaherpesvirus 8,HCFKNDSX3_104762-001-002_44_TTAATCAG-CAGATTGG_L004
1799,0.0,76,76,S,1780507,                    Myotis gammaherpesvirus 8,HCFKNDSX3_104762-001-002_44_TTAATCAG-CAGATTGG_L004
1810,0.0,3,3,S,340907,                    Papiine alphaherpesvirus 2,HCFKNDSX3_104762-001-002_44_TTAATCAG-CAGATTGG_L004
1811,0.0,1,1,S,10298,                    Human alphaherpesvirus 1,HCFKNDSX3_104762-001-002_44_TTAATCAG-CAGATTGG_L004
1843,0.0,66,9,S2,57579,                        Adeno-associated virus - 4,HCFKNDSX3_104762-001-002_44_TTAATCAG-CAGATTGG_L004
1845,0.0,42,42,S1,10804,                      adeno-associated virus 2,HCFKNDSX3_104762-001-002_44_TTAATCAG-CAGATTGG_L004
1847,0.0,11,11,S1,256548,                      Bovine adeno-associated virus,HCFKNDSX3_104762-001-002_44_TTAATCAG-CAGATTGG_L004
1859,0.0,1,1,S1,10799,                      H-1 parvovirus,HCFKNDSX3_104762-001-002_44_TTAATCAG-CAGATTGG_L004
1970,0.0,106,106,S,10243,                    Cowpox virus,HCFKNDSX3_104762-001-002_44_TTAATCAG-CAGATTGG_L004
1986,0.0,2,2,S,129951,                  Human mastadenovirus C,HCFKNDSX3_104762-001-002_44_TTAATCAG-CAGATTGG_L004
1232,0.0,1,1,S,1960046,                    Hom-1 vesivirus,HCFKNDSX3_104762-001-002_14_CGTTACCA-TAGCGTTC_L004
1323,0.0,18,18,S,2560318,                      Avian metaavulavirus 8,HCFKNDSX3_104762-001-002_14_CGTTACCA-TAGCGTTC_L004
1439,0.0,1,1,S1,10620,                      Human papillomavirus type 7,HCFKNDSX3_104762-001-002_14_CGTTACCA-TAGCGTTC_L004
1663,0.0,6,6,S,37296,                    Human gammaherpesvirus 8,HCFKNDSX3_104762-001-002_14_CGTTACCA-TAGCGTTC_L004
1668,0.0,1,1,S,1780507,                    Myotis gammaherpesvirus 8,HCFKNDSX3_104762-001-002_14_CGTTACCA-TAGCGTTC_L004
1681,0.0,3,3,S,10376,                    Human gammaherpesvirus 4,HCFKNDSX3_104762-001-002_14_CGTTACCA-TAGCGTTC_L004
1686,0.0,4,4,S,10372,                    Human betaherpesvirus 7,HCFKNDSX3_104762-001-002_14_CGTTACCA-TAGCGTTC_L004
1691,0.0,1,1,S,10359,                    Human betaherpesvirus 5,HCFKNDSX3_104762-001-002_14_CGTTACCA-TAGCGTTC_L004
1693,0.0,1,1,S1,153301,                      Baboon cytomegalovirus OCOM4-37,HCFKNDSX3_104762-001-002_14_CGTTACCA-TAGCGTTC_L004
1784,0.0,1,1,S1,10280,                      Molluscum contagiosum virus subtype 1,HCFKNDSX3_104762-001-002_14_CGTTACCA-TAGCGTTC_L004
1603,0.0,1,1,S,1960046,                    Hom-1 vesivirus,HCFKNDSX3_104762-001-002_64_AACGCATT-CAACCTGC_L004
1605,0.0,951,0,S,11983,                  Norwalk virus,HCFKNDSX3_104762-001-002_64_AACGCATT-CAACCTGC_L004
1606,0.0,470,469,S1,122929,                    Norovirus GII,HCFKNDSX3_104762-001-002_64_AACGCATT-CAACCTGC_L004
1607,0.0,1,1,S2,490039,                      Norovirus GII.2,HCFKNDSX3_104762-001-002_64_AACGCATT-CAACCTGC_L004
1608,0.0,203,162,S1,262897,                    Norovirus GIV,HCFKNDSX3_104762-001-002_64_AACGCATT-CAACCTGC_L004
1611,0.0,142,139,S1,122928,                    Norovirus GI,HCFKNDSX3_104762-001-002_64_AACGCATT-CAACCTGC_L004
1613,0.0,3,3,S3,1529909,                        Norovirus GI/Hu/JP/2007/GI.P3_GI.3/Shimizu/KK2866,HCFKNDSX3_104762-001-002_64_AACGCATT-CAACCTGC_L004
1615,0.0,36,36,S1,95340,                    Norwalk-like virus,HCFKNDSX3_104762-001-002_64_AACGCATT-CAACCTGC_L004
1619,0.0,17,17,S2,291175,                      Sapovirus Hu/Dresden/pJG-Sap01/DE,HCFKNDSX3_104762-001-002_64_AACGCATT-CAACCTGC_L004
1621,0.0,4,4,S2,290314,                      Sapovirus C12,HCFKNDSX3_104762-001-002_64_AACGCATT-CAACCTGC_L004
1656,0.0,81,81,S,194965,                  Aichivirus B,HCFKNDSX3_104762-001-002_64_AACGCATT-CAACCTGC_L004
1661,0.0,2,2,S1,1313215,                    Aichi virus 1,HCFKNDSX3_104762-001-002_64_AACGCATT-CAACCTGC_L004
1837,0.0,6,6,S,186540,                    Sudan ebolavirus,HCFKNDSX3_104762-001-002_64_AACGCATT-CAACCTGC_L004
1940,0.0,594,594,S1,10804,                      adeno-associated virus 2,HCFKNDSX3_104762-001-002_64_AACGCATT-CAACCTGC_L004
1942,0.0,187,66,S2,57579,                        Adeno-associated virus - 4,HCFKNDSX3_104762-001-002_64_AACGCATT-CAACCTGC_L004
1946,0.0,506,506,S1,82300,                      adeno-associated virus 5,HCFKNDSX3_104762-001-002_64_AACGCATT-CAACCTGC_L004
1947,0.0,255,255,S1,256548,                      Bovine adeno-associated virus,HCFKNDSX3_104762-001-002_64_AACGCATT-CAACCTGC_L004
1970,0.0,60,60,S1,10799,                      H-1 parvovirus,HCFKNDSX3_104762-001-002_64_AACGCATT-CAACCTGC_L004
2045,0.0,17,17,S,1525173,                    Human circovirus VS6600022,HCFKNDSX3_104762-001-002_64_AACGCATT-CAACCTGC_L004
2057,0.0,1,1,S1,1345637,                    Human cyclovirus VS5700009,HCFKNDSX3_104762-001-002_64_AACGCATT-CAACCTGC_L004
2471,0.0,175,175,S,1780507,                    Myotis gammaherpesvirus 8,HCFKNDSX3_104762-001-002_64_AACGCATT-CAACCTGC_L004
2482,0.0,15,15,S,37296,                    Human gammaherpesvirus 8,HCFKNDSX3_104762-001-002_64_AACGCATT-CAACCTGC_L004
2491,0.0,1,1,S,10298,                    Human alphaherpesvirus 1,HCFKNDSX3_104762-001-002_64_AACGCATT-CAACCTGC_L004
2593,0.0,5,5,S,10243,                    Cowpox virus,HCFKNDSX3_104762-001-002_64_AACGCATT-CAACCTGC_L004
2594,0.0,4,4,S,10245,                    Vaccinia virus,HCFKNDSX3_104762-001-002_64_AACGCATT-CAACCTGC_L004
2703,0.0,51,51,S,2065047,        Torque teno midi virus 6,HCFKNDSX3_104762-001-002_64_AACGCATT-CAACCTGC_L004
1670,0.0,77,77,S,1780507,                    Myotis gammaherpesvirus 8,HCFKNDSX3_104762-001-002_63_TCGCTAGA-GCAGTACT_L004
1674,0.0,3,3,S,37296,                    Human gammaherpesvirus 8,HCFKNDSX3_104762-001-002_63_TCGCTAGA-GCAGTACT_L004
1683,0.0,5,5,S,10372,                    Human betaherpesvirus 7,HCFKNDSX3_104762-001-002_63_TCGCTAGA-GCAGTACT_L004
1738,0.0,30,30,S1,10616,                      Human papillomavirus type 49,HCFKNDSX3_104762-001-002_63_TCGCTAGA-GCAGTACT_L004
1838,0.0,109,109,S,10243,                    Cowpox virus,HCFKNDSX3_104762-001-002_63_TCGCTAGA-GCAGTACT_L004
1857,0.0,2,2,S,129951,                  Human mastadenovirus C,HCFKNDSX3_104762-001-002_63_TCGCTAGA-GCAGTACT_L004
1946,0.0,1,1,S,1960046,                    Hom-1 vesivirus,HCFKNDSX3_104762-001-002_12_GAACCTAG-AATACCAG_L004
1951,0.0,1590,61,S,11983,                  Norwalk virus,HCFKNDSX3_104762-001-002_12_GAACCTAG-AATACCAG_L004
1952,0.0,687,673,S1,262897,                    Norovirus GIV,HCFKNDSX3_104762-001-002_12_GAACCTAG-AATACCAG_L004
1955,0.0,539,384,S1,122929,                    Norovirus GII,HCFKNDSX3_104762-001-002_12_GAACCTAG-AATACCAG_L004
1957,0.0,61,61,S3,1529918,                        Norovirus GII/Hu/JP/2007/GII.P15_GII.15/Sapporo/HK299,HCFKNDSX3_104762-001-002_12_GAACCTAG-AATACCAG_L004
1958,0.0,37,37,S3,1529924,                        Norovirus GII/Hu/JP/2011/GII/Yuzawa/Gira2HS,HCFKNDSX3_104762-001-002_12_GAACCTAG-AATACCAG_L004
1959,0.0,29,29,S2,490039,                      Norovirus GII.2,HCFKNDSX3_104762-001-002_12_GAACCTAG-AATACCAG_L004
1960,0.0,28,28,S2,552592,                      Norovirus GII.17,HCFKNDSX3_104762-001-002_12_GAACCTAG-AATACCAG_L004
1961,0.0,233,233,S1,95340,                    Norwalk-like virus,HCFKNDSX3_104762-001-002_12_GAACCTAG-AATACCAG_L004
1962,0.0,45,45,S1,122928,                    Norovirus GI,HCFKNDSX3_104762-001-002_12_GAACCTAG-AATACCAG_L004
1967,0.0,588,588,S2,234601,                      Sapovirus Mc10,HCFKNDSX3_104762-001-002_12_GAACCTAG-AATACCAG_L004
1968,0.0,39,39,S2,290314,                      Sapovirus C12,HCFKNDSX3_104762-001-002_12_GAACCTAG-AATACCAG_L004
1970,0.0,9,9,S2,1280920,                      Sapovirus Hu/Nagoya/NGY-1/2012/JPN,HCFKNDSX3_104762-001-002_12_GAACCTAG-AATACCAG_L004
2023,0.0,143,143,S,194965,                  Aichivirus B,HCFKNDSX3_104762-001-002_12_GAACCTAG-AATACCAG_L004
2087,0.0,11,0,S,568715,                    Astrovirus MLB1,HCFKNDSX3_104762-001-002_12_GAACCTAG-AATACCAG_L004
2088,0.0,11,11,S1,858367,                      Astrovirus MLB1 HK05,HCFKNDSX3_104762-001-002_12_GAACCTAG-AATACCAG_L004
2128,0.0,1,1,S,11250,                    Human orthopneumovirus,HCFKNDSX3_104762-001-002_12_GAACCTAG-AATACCAG_L004
2896,0.0,197,197,S,37296,                    Human gammaherpesvirus 8,HCFKNDSX3_104762-001-002_12_GAACCTAG-AATACCAG_L004
2907,0.0,206,206,S,1780507,                    Myotis gammaherpesvirus 8,HCFKNDSX3_104762-001-002_12_GAACCTAG-AATACCAG_L004
2923,0.0,43,43,S,10298,                    Human alphaherpesvirus 1,HCFKNDSX3_104762-001-002_12_GAACCTAG-AATACCAG_L004
2934,0.0,21,21,S,32603,                    Human betaherpesvirus 6A,HCFKNDSX3_104762-001-002_12_GAACCTAG-AATACCAG_L004
2992,0.0,1209,1209,S1,256548,                      Bovine adeno-associated virus,HCFKNDSX3_104762-001-002_12_GAACCTAG-AATACCAG_L004
2993,0.0,908,908,S1,82300,                      adeno-associated virus 5,HCFKNDSX3_104762-001-002_12_GAACCTAG-AATACCAG_L004
2999,0.0,1010,311,S2,57579,                        Adeno-associated virus - 4,HCFKNDSX3_104762-001-002_12_GAACCTAG-AATACCAG_L004
3002,0.0,330,330,S1,10804,                      adeno-associated virus 2,HCFKNDSX3_104762-001-002_12_GAACCTAG-AATACCAG_L004
3022,0.0,63,63,S1,10799,                      H-1 parvovirus,HCFKNDSX3_104762-001-002_12_GAACCTAG-AATACCAG_L004
3033,0.0,55,55,S,1341019,                    Parvovirus NIH-CQV,HCFKNDSX3_104762-001-002_12_GAACCTAG-AATACCAG_L004
3107,0.0,82,82,S,1862824,                    Gemycircularvirus HV-GcV1,HCFKNDSX3_104762-001-002_12_GAACCTAG-AATACCAG_L004
3108,0.0,74,74,S,1983771,                    Gemycircularvirus sp.,HCFKNDSX3_104762-001-002_12_GAACCTAG-AATACCAG_L004
3173,0.0,56,56,S2,1516081,                      MSSI2.225 virus,HCFKNDSX3_104762-001-002_12_GAACCTAG-AATACCAG_L004
3295,0.0,28,28,S,10243,                    Cowpox virus,HCFKNDSX3_104762-001-002_12_GAACCTAG-AATACCAG_L004
3300,0.0,1,1,S,10255,                    Variola virus,HCFKNDSX3_104762-001-002_12_GAACCTAG-AATACCAG_L004
3310,0.0,21,21,S1,10280,                      Molluscum contagiosum virus subtype 1,HCFKNDSX3_104762-001-002_12_GAACCTAG-AATACCAG_L004
1706,0.0,62,62,S1,256548,                      Bovine adeno-associated virus,HCFKNDSX3_104762-001-002_53_TCTGCAAG-AAGGTGAA_L004
1709,0.0,30,0,S2,57579,                        Adeno-associated virus - 4,HCFKNDSX3_104762-001-002_53_TCTGCAAG-AAGGTGAA_L004
1711,0.0,3,3,S1,10804,                      adeno-associated virus 2,HCFKNDSX3_104762-001-002_53_TCTGCAAG-AAGGTGAA_L004
1719,0.0,37,37,S1,1511919,                      Human parvovirus 4 G1,HCFKNDSX3_104762-001-002_53_TCTGCAAG-AAGGTGAA_L004
1742,0.0,1,1,S1,211787,                      Human papillomavirus type 92,HCFKNDSX3_104762-001-002_53_TCTGCAAG-AAGGTGAA_L004
1771,0.0,2,2,S2,1516081,                      MSSI2.225 virus,HCFKNDSX3_104762-001-002_53_TCTGCAAG-AAGGTGAA_L004
2160,0.0,222,222,S,1780507,                    Myotis gammaherpesvirus 8,HCFKNDSX3_104762-001-002_53_TCTGCAAG-AAGGTGAA_L004
2165,0.0,22,22,S,37296,                    Human gammaherpesvirus 8,HCFKNDSX3_104762-001-002_53_TCTGCAAG-AAGGTGAA_L004
2168,0.0,1,1,S,10376,                    Human gammaherpesvirus 4,HCFKNDSX3_104762-001-002_53_TCTGCAAG-AAGGTGAA_L004
2180,0.0,12,12,S1,153301,                      Baboon cytomegalovirus OCOM4-37,HCFKNDSX3_104762-001-002_53_TCTGCAAG-AAGGTGAA_L004
2182,0.0,11,11,S,10372,                    Human betaherpesvirus 7,HCFKNDSX3_104762-001-002_53_TCTGCAAG-AAGGTGAA_L004
2183,0.0,1,1,S,32604,                    Human betaherpesvirus 6B,HCFKNDSX3_104762-001-002_53_TCTGCAAG-AAGGTGAA_L004
2287,0.0,176,176,S,10243,                    Cowpox virus,HCFKNDSX3_104762-001-002_53_TCTGCAAG-AAGGTGAA_L004
2298,0.0,13,13,S1,10280,                      Molluscum contagiosum virus subtype 1,HCFKNDSX3_104762-001-002_53_TCTGCAAG-AAGGTGAA_L004
2302,0.0,1,1,S,38804,                    Yaba monkey tumor virus,HCFKNDSX3_104762-001-002_53_TCTGCAAG-AAGGTGAA_L004
2400,0.0,1,1,S,2065046,        Torque teno midi virus 5,HCFKNDSX3_104762-001-002_53_TCTGCAAG-AAGGTGAA_L004
1318,0.0,36,36,S,2053026,                    Yichang virus,HCFKNDSX3_104762-001-002_27_CTGTGGCG-GGCTAGTG_L004
1659,0.0,34,34,S,1780507,                    Myotis gammaherpesvirus 8,HCFKNDSX3_104762-001-002_27_CTGTGGCG-GGCTAGTG_L004
1664,0.0,34,34,S,37296,                    Human gammaherpesvirus 8,HCFKNDSX3_104762-001-002_27_CTGTGGCG-GGCTAGTG_L004
1731,0.0,21,21,S1,82300,                      adeno-associated virus 5,HCFKNDSX3_104762-001-002_27_CTGTGGCG-GGCTAGTG_L004
1736,0.0,8,8,S2,57579,                        Adeno-associated virus - 4,HCFKNDSX3_104762-001-002_27_CTGTGGCG-GGCTAGTG_L004
1757,0.0,1,1,S1,333763,                      Human papillomavirus type 32,HCFKNDSX3_104762-001-002_27_CTGTGGCG-GGCTAGTG_L004
1830,0.0,47,47,S,10243,                    Cowpox virus,HCFKNDSX3_104762-001-002_27_CTGTGGCG-GGCTAGTG_L004
1841,0.0,1,1,S1,10280,                      Molluscum contagiosum virus subtype 1,HCFKNDSX3_104762-001-002_27_CTGTGGCG-GGCTAGTG_L004
1392,0.0,54,54,S1,256548,                      Bovine adeno-associated virus,HCFKNDSX3_104762-001-002_35_AGGTGCGA-GCCAGAAG_L004
1399,0.0,1,1,S2,57579,                        Adeno-associated virus - 4,HCFKNDSX3_104762-001-002_35_AGGTGCGA-GCCAGAAG_L004
1433,0.0,150,150,S1,743300,                    Human stool-associated circular virus NG13,HCFKNDSX3_104762-001-002_35_AGGTGCGA-GCCAGAAG_L004
2027,0.0,74,74,S,37296,                    Human gammaherpesvirus 8,HCFKNDSX3_104762-001-002_35_AGGTGCGA-GCCAGAAG_L004
2037,0.0,11,11,S,1780507,                    Myotis gammaherpesvirus 8,HCFKNDSX3_104762-001-002_35_AGGTGCGA-GCCAGAAG_L004
2150,0.0,44,44,S,10243,                    Cowpox virus,HCFKNDSX3_104762-001-002_35_AGGTGCGA-GCCAGAAG_L004
2163,0.0,3,3,S1,10280,                      Molluscum contagiosum virus subtype 1,HCFKNDSX3_104762-001-002_35_AGGTGCGA-GCCAGAAG_L004
2174,0.0,2,0,S,129951,                  Human mastadenovirus C,HCFKNDSX3_104762-001-002_35_AGGTGCGA-GCCAGAAG_L004
2175,0.0,2,2,S1,10533,                    Human adenovirus 1,HCFKNDSX3_104762-001-002_35_AGGTGCGA-GCCAGAAG_L004
2266,0.0,1,1,S,2065054,        Torque teno midi virus 13,HCFKNDSX3_104762-001-002_35_AGGTGCGA-GCCAGAAG_L004
1584,0.0,1,1,S1,11587,                      Punta Toro virus,HCFKNDSX3_104762-001-002_03_TAATGAAC-AAGCCAAG_L004
1963,0.0,23,23,S,37296,                    Human gammaherpesvirus 8,HCFKNDSX3_104762-001-002_03_TAATGAAC-AAGCCAAG_L004
1965,0.0,44,44,S,1780507,                    Myotis gammaherpesvirus 8,HCFKNDSX3_104762-001-002_03_TAATGAAC-AAGCCAAG_L004
1975,0.0,2,2,S,10325,                    Macacine alphaherpesvirus 1,HCFKNDSX3_104762-001-002_03_TAATGAAC-AAGCCAAG_L004
2028,0.0,35,35,S1,211787,                      Human papillomavirus type 92,HCFKNDSX3_104762-001-002_03_TAATGAAC-AAGCCAAG_L004
2129,0.0,22,22,S,10243,                    Cowpox virus,HCFKNDSX3_104762-001-002_03_TAATGAAC-AAGCCAAG_L004
2136,0.0,1,1,S1,10280,                      Molluscum contagiosum virus subtype 1,HCFKNDSX3_104762-001-002_03_TAATGAAC-AAGCCAAG_L004
2138,0.0,1,1,S,38804,                    Yaba monkey tumor virus,HCFKNDSX3_104762-001-002_03_TAATGAAC-AAGCCAAG_L004
1190,0.0,1,1,S1,743300,                    Human stool-associated circular virus NG13,HCFKNDSX3_104762-001-002_57_ATTATCAA-GAGAGTCG_L004
1354,0.0,1,1,S,37296,                    Human gammaherpesvirus 8,HCFKNDSX3_104762-001-002_57_ATTATCAA-GAGAGTCG_L004
1358,0.0,2,2,S,10376,                    Human gammaherpesvirus 4,HCFKNDSX3_104762-001-002_57_ATTATCAA-GAGAGTCG_L004
1364,0.0,10,10,S,10298,                    Human alphaherpesvirus 1,HCFKNDSX3_104762-001-002_57_ATTATCAA-GAGAGTCG_L004
1366,0.0,1,1,S,10325,                    Macacine alphaherpesvirus 1,HCFKNDSX3_104762-001-002_57_ATTATCAA-GAGAGTCG_L004
1367,0.0,1,1,S,340907,                    Papiine alphaherpesvirus 2,HCFKNDSX3_104762-001-002_57_ATTATCAA-GAGAGTCG_L004
1377,0.0,2,2,S,10372,                    Human betaherpesvirus 7,HCFKNDSX3_104762-001-002_57_ATTATCAA-GAGAGTCG_L004
1567,0.0,3,3,S,1960046,                    Hom-1 vesivirus,H7NKYDSX3_104762-001-003_06_CCAGTTAG-ATGACAGG_L001
1576,0.0,212,34,S,11983,                  Norwalk virus,H7NKYDSX3_104762-001-003_06_CCAGTTAG-ATGACAGG_L001
1577,0.0,164,58,S1,122928,                    Norovirus GI,H7NKYDSX3_104762-001-003_06_CCAGTTAG-ATGACAGG_L001
1579,0.0,106,106,S3,1529909,                        Norovirus GI/Hu/JP/2007/GI.P3_GI.3/Shimizu/KK2866,H7NKYDSX3_104762-001-003_06_CCAGTTAG-ATGACAGG_L001
1580,0.0,14,0,S1,122929,                    Norovirus GII,H7NKYDSX3_104762-001-003_06_CCAGTTAG-ATGACAGG_L001
1581,0.0,14,14,S2,552592,                      Norovirus GII.17,H7NKYDSX3_104762-001-003_06_CCAGTTAG-ATGACAGG_L001
1585,0.0,6,6,S2,291175,                      Sapovirus Hu/Dresden/pJG-Sap01/DE,H7NKYDSX3_104762-001-003_06_CCAGTTAG-ATGACAGG_L001
1615,0.0,588,588,S1,1313215,                    Aichi virus 1,H7NKYDSX3_104762-001-003_06_CCAGTTAG-ATGACAGG_L001
1904,0.0,2309,2309,S,11676,                    Human immunodeficiency virus 1,H7NKYDSX3_104762-001-003_06_CCAGTTAG-ATGACAGG_L001
1965,0.0,865,865,S1,82300,                      adeno-associated virus 5,H7NKYDSX3_104762-001-003_06_CCAGTTAG-ATGACAGG_L001
1966,0.0,208,208,S1,256548,                      Bovine adeno-associated virus,H7NKYDSX3_104762-001-003_06_CCAGTTAG-ATGACAGG_L001
1982,0.0,8,6,S2,57579,                        Adeno-associated virus - 4,H7NKYDSX3_104762-001-003_06_CCAGTTAG-ATGACAGG_L001
2007,0.0,1,1,S1,211787,                      Human papillomavirus type 92,H7NKYDSX3_104762-001-003_06_CCAGTTAG-ATGACAGG_L001
2025,0.0,23,23,S,2017083,                  Human fecal virus Jorvi4,H7NKYDSX3_104762-001-003_06_CCAGTTAG-ATGACAGG_L001
2430,0.0,49,49,S,37296,                    Human gammaherpesvirus 8,H7NKYDSX3_104762-001-003_06_CCAGTTAG-ATGACAGG_L001
2443,0.0,50,50,S,1780507,                    Myotis gammaherpesvirus 8,H7NKYDSX3_104762-001-003_06_CCAGTTAG-ATGACAGG_L001
2445,0.0,2,2,S,10376,                    Human gammaherpesvirus 4,H7NKYDSX3_104762-001-003_06_CCAGTTAG-ATGACAGG_L001
2455,0.0,2,2,S,10298,                    Human alphaherpesvirus 1,H7NKYDSX3_104762-001-003_06_CCAGTTAG-ATGACAGG_L001
2460,0.0,10,10,S,10372,                    Human betaherpesvirus 7,H7NKYDSX3_104762-001-003_06_CCAGTTAG-ATGACAGG_L001
2551,0.0,121,121,S,10245,                    Vaccinia virus,H7NKYDSX3_104762-001-003_06_CCAGTTAG-ATGACAGG_L001
2553,0.0,1,0,S,10244,                    Monkeypox virus,H7NKYDSX3_104762-001-003_06_CCAGTTAG-ATGACAGG_L001
2554,0.0,1,1,S1,619591,                      Monkeypox virus Zaire-96-I-16,H7NKYDSX3_104762-001-003_06_CCAGTTAG-ATGACAGG_L001
2555,0.0,1,1,S,10255,                    Variola virus,H7NKYDSX3_104762-001-003_06_CCAGTTAG-ATGACAGG_L001
2569,0.0,2,2,S1,10280,                      Molluscum contagiosum virus subtype 1,H7NKYDSX3_104762-001-003_06_CCAGTTAG-ATGACAGG_L001
1601,0.0,3,3,S,1960046,                    Hom-1 vesivirus,HCFKNDSX3_104762-001-002_09_CATGATCG-GGAGAGTA_L004
1605,0.0,35,0,S,11983,                  Norwalk virus,HCFKNDSX3_104762-001-002_09_CATGATCG-GGAGAGTA_L004
1606,0.0,34,34,S1,262897,                    Norovirus GIV,HCFKNDSX3_104762-001-002_09_CATGATCG-GGAGAGTA_L004
1607,0.0,1,0,S1,122929,                    Norovirus GII,HCFKNDSX3_104762-001-002_09_CATGATCG-GGAGAGTA_L004
1609,0.0,1,1,S3,1529918,                        Norovirus GII/Hu/JP/2007/GII.P15_GII.15/Sapporo/HK299,HCFKNDSX3_104762-001-002_09_CATGATCG-GGAGAGTA_L004
1661,0.0,7,7,S1,1313215,                    Aichi virus 1,HCFKNDSX3_104762-001-002_09_CATGATCG-GGAGAGTA_L004
1984,0.01,2244,2244,S1,256548,                      Bovine adeno-associated virus,HCFKNDSX3_104762-001-002_09_CATGATCG-GGAGAGTA_L004
1985,0.0,496,496,S1,82300,                      adeno-associated virus 5,HCFKNDSX3_104762-001-002_09_CATGATCG-GGAGAGTA_L004
1988,0.0,85,67,S2,57579,                        Adeno-associated virus - 4,HCFKNDSX3_104762-001-002_09_CATGATCG-GGAGAGTA_L004
2043,0.0,16,16,S1,1434782,                      Human papillomavirus 175,HCFKNDSX3_104762-001-002_09_CATGATCG-GGAGAGTA_L004
2045,0.0,3,3,S1,1070410,                      Human papillomavirus type 137,HCFKNDSX3_104762-001-002_09_CATGATCG-GGAGAGTA_L004
2058,0.0,31,31,S,10566,                    Human papillomavirus,HCFKNDSX3_104762-001-002_09_CATGATCG-GGAGAGTA_L004
2447,0.0,62,62,S,37296,                    Human gammaherpesvirus 8,HCFKNDSX3_104762-001-002_09_CATGATCG-GGAGAGTA_L004
2452,0.0,32,32,S,1780507,                    Myotis gammaherpesvirus 8,HCFKNDSX3_104762-001-002_09_CATGATCG-GGAGAGTA_L004
2455,0.0,42,42,S,10376,                    Human gammaherpesvirus 4,HCFKNDSX3_104762-001-002_09_CATGATCG-GGAGAGTA_L004
2472,0.0,48,0,S,50292,                    Cercopithecine betaherpesvirus 5,HCFKNDSX3_104762-001-002_09_CATGATCG-GGAGAGTA_L004
2483,0.0,2,2,S,10372,                    Human betaherpesvirus 7,HCFKNDSX3_104762-001-002_09_CATGATCG-GGAGAGTA_L004
2584,0.0,17,17,S,10245,                    Vaccinia virus,HCFKNDSX3_104762-001-002_09_CATGATCG-GGAGAGTA_L004
2628,0.0,14,14,S,2021738,      Hudisavirus sp.,HCFKNDSX3_104762-001-002_09_CATGATCG-GGAGAGTA_L004
2696,0.0,93,93,S,2065054,        Torque teno midi virus 13,HCFKNDSX3_104762-001-002_09_CATGATCG-GGAGAGTA_L004
1281,0.0,84,84,S,1780507,                    Myotis gammaherpesvirus 8,HCFKNDSX3_104762-001-002_47_GAAGGAAG-CCAGGATG_L004
1286,0.0,3,3,S,37296,                    Human gammaherpesvirus 8,HCFKNDSX3_104762-001-002_47_GAAGGAAG-CCAGGATG_L004
1297,0.0,61,61,S,340907,                    Papiine alphaherpesvirus 2,HCFKNDSX3_104762-001-002_47_GAAGGAAG-CCAGGATG_L004
1382,0.0,6,6,S1,82300,                      adeno-associated virus 5,HCFKNDSX3_104762-001-002_47_GAAGGAAG-CCAGGATG_L004
1391,0.0,20,20,S1,10616,                      Human papillomavirus type 49,HCFKNDSX3_104762-001-002_47_GAAGGAAG-CCAGGATG_L004
1418,0.0,10,0,F,291484,              Hepeviridae,HCFKNDSX3_104762-001-002_71_TAAGCACA-TTAATGTC_L004
1420,0.0,10,10,S,1678143,                  Orthohepevirus A,HCFKNDSX3_104762-001-002_71_TAAGCACA-TTAATGTC_L004
1462,0.0,1,1,S,1960046,                    Hom-1 vesivirus,HCFKNDSX3_104762-001-002_71_TAAGCACA-TTAATGTC_L004
1466,0.0,233,233,S2,290314,                      Sapovirus C12,HCFKNDSX3_104762-001-002_71_TAAGCACA-TTAATGTC_L004
1467,0.0,117,117,S2,234601,                      Sapovirus Mc10,HCFKNDSX3_104762-001-002_71_TAAGCACA-TTAATGTC_L004
1469,0.0,75,75,S2,291175,                      Sapovirus Hu/Dresden/pJG-Sap01/DE,HCFKNDSX3_104762-001-002_71_TAAGCACA-TTAATGTC_L004
1472,0.0,582,0,S,11983,                  Norwalk virus,HCFKNDSX3_104762-001-002_71_TAAGCACA-TTAATGTC_L004
1473,0.0,456,390,S1,122929,                    Norovirus GII,HCFKNDSX3_104762-001-002_71_TAAGCACA-TTAATGTC_L004
1475,0.0,66,66,S3,1529918,                        Norovirus GII/Hu/JP/2007/GII.P15_GII.15/Sapporo/HK299,HCFKNDSX3_104762-001-002_71_TAAGCACA-TTAATGTC_L004
1476,0.0,79,79,S1,122928,                    Norovirus GI,HCFKNDSX3_104762-001-002_71_TAAGCACA-TTAATGTC_L004
1477,0.0,47,47,S1,95340,                    Norwalk-like virus,HCFKNDSX3_104762-001-002_71_TAAGCACA-TTAATGTC_L004
1495,0.0,95,95,S,194965,                  Aichivirus B,HCFKNDSX3_104762-001-002_71_TAAGCACA-TTAATGTC_L004
1497,0.0,67,67,S1,1313215,                    Aichi virus 1,HCFKNDSX3_104762-001-002_71_TAAGCACA-TTAATGTC_L004
1552,0.0,2,2,S,1930509,                    Husavirus sp.,HCFKNDSX3_104762-001-002_71_TAAGCACA-TTAATGTC_L004
1579,0.0,55,55,S,145856,                  Human picobirnavirus,HCFKNDSX3_104762-001-002_71_TAAGCACA-TTAATGTC_L004
1667,0.0,1,1,S,11676,                    Human immunodeficiency virus 1,HCFKNDSX3_104762-001-002_71_TAAGCACA-TTAATGTC_L004
1686,0.0,17,17,S1,1345637,                    Human cyclovirus VS5700009,HCFKNDSX3_104762-001-002_71_TAAGCACA-TTAATGTC_L004
1695,0.0,20,20,S,1525173,                    Human circovirus VS6600022,HCFKNDSX3_104762-001-002_71_TAAGCACA-TTAATGTC_L004
1708,0.0,54,54,S,1862824,                    Gemycircularvirus HV-GcV1,HCFKNDSX3_104762-001-002_71_TAAGCACA-TTAATGTC_L004
1755,0.0,1221,1221,S1,10804,                      adeno-associated virus 2,HCFKNDSX3_104762-001-002_71_TAAGCACA-TTAATGTC_L004
1757,0.0,182,162,S2,57579,                        Adeno-associated virus - 4,HCFKNDSX3_104762-001-002_71_TAAGCACA-TTAATGTC_L004
1760,0.0,38,38,S2,46350,                        Adeno-associated virus - 3,HCFKNDSX3_104762-001-002_71_TAAGCACA-TTAATGTC_L004
1763,0.0,254,254,S1,82300,                      adeno-associated virus 5,HCFKNDSX3_104762-001-002_71_TAAGCACA-TTAATGTC_L004
1764,0.0,17,17,S1,256548,                      Bovine adeno-associated virus,HCFKNDSX3_104762-001-002_71_TAAGCACA-TTAATGTC_L004
2133,0.0,7,7,S,37296,                    Human gammaherpesvirus 8,HCFKNDSX3_104762-001-002_71_TAAGCACA-TTAATGTC_L004
2138,0.0,16,16,S,1780507,                    Myotis gammaherpesvirus 8,HCFKNDSX3_104762-001-002_71_TAAGCACA-TTAATGTC_L004
2147,0.0,35,35,S,10298,                    Human alphaherpesvirus 1,HCFKNDSX3_104762-001-002_71_TAAGCACA-TTAATGTC_L004
2228,0.0,2,2,S,10245,                    Vaccinia virus,HCFKNDSX3_104762-001-002_71_TAAGCACA-TTAATGTC_L004
1135,0.0,1,1,S,1960046,                    Hom-1 vesivirus,H7NKYDSX3_104762-001-003_57_CTATGCGT-TGATATTC_L001
1176,0.0,74,74,S,194965,                  Aichivirus B,H7NKYDSX3_104762-001-003_57_CTATGCGT-TGATATTC_L001
1186,0.0,26,26,S,12092,                  Hepatovirus A,H7NKYDSX3_104762-001-003_57_CTATGCGT-TGATATTC_L001
1430,0.0,953,953,S1,82300,                      adeno-associated virus 5,H7NKYDSX3_104762-001-003_57_CTATGCGT-TGATATTC_L001
1431,0.0,925,925,S1,256548,                      Bovine adeno-associated virus,H7NKYDSX3_104762-001-003_57_CTATGCGT-TGATATTC_L001
1443,0.0,31,31,S2,57579,                        Adeno-associated virus - 4,H7NKYDSX3_104762-001-003_57_CTATGCGT-TGATATTC_L001
1471,0.0,42,42,S1,10621,                      Human papillomavirus 9,H7NKYDSX3_104762-001-003_57_CTATGCGT-TGATATTC_L001
1516,0.0,10,10,S,1862824,                    Gemycircularvirus HV-GcV1,H7NKYDSX3_104762-001-003_57_CTATGCGT-TGATATTC_L001
1811,0.0,58,58,S,1780507,                    Myotis gammaherpesvirus 8,H7NKYDSX3_104762-001-003_57_CTATGCGT-TGATATTC_L001
1822,0.0,1,1,S,10376,                    Human gammaherpesvirus 4,H7NKYDSX3_104762-001-003_57_CTATGCGT-TGATATTC_L001
1827,0.0,1,1,S,10298,                    Human alphaherpesvirus 1,H7NKYDSX3_104762-001-003_57_CTATGCGT-TGATATTC_L001
1881,0.0,1,1,S1,10280,                      Molluscum contagiosum virus subtype 1,H7NKYDSX3_104762-001-003_57_CTATGCGT-TGATATTC_L001
1480,0.0,1,1,S,1960046,                    Hom-1 vesivirus,H7NKYDSX3_104762-001-003_31_TCGCCTTG-GAATCAGC_L001
1512,0.0,5,5,S,1330491,                  Cosavirus A,H7NKYDSX3_104762-001-003_31_TCGCCTTG-GAATCAGC_L001
1555,0.0,127,0,S,12637,                  Dengue virus,H7NKYDSX3_104762-001-003_31_TCGCCTTG-GAATCAGC_L001
1556,0.0,127,127,S1,11053,                    Dengue virus 1,H7NKYDSX3_104762-001-003_31_TCGCCTTG-GAATCAGC_L001
1641,0.0,33,33,S1,333923,                      Human papillomavirus 5,H7NKYDSX3_104762-001-003_31_TCGCCTTG-GAATCAGC_L001
1976,0.0,68,68,S,1780507,                    Myotis gammaherpesvirus 8,H7NKYDSX3_104762-001-003_31_TCGCCTTG-GAATCAGC_L001
1988,0.0,6,6,S,37296,                    Human gammaherpesvirus 8,H7NKYDSX3_104762-001-003_31_TCGCCTTG-GAATCAGC_L001
1996,0.0,18,18,S1,153301,                      Baboon cytomegalovirus OCOM4-37,H7NKYDSX3_104762-001-003_31_TCGCCTTG-GAATCAGC_L001
2009,0.0,43,43,S,10335,                    Human alphaherpesvirus 3,H7NKYDSX3_104762-001-003_31_TCGCCTTG-GAATCAGC_L001
2012,0.0,2,2,S,10298,                    Human alphaherpesvirus 1,H7NKYDSX3_104762-001-003_31_TCGCCTTG-GAATCAGC_L001
2118,0.0,1,1,S,2025360,                      NY_014 poxvirus,H7NKYDSX3_104762-001-003_31_TCGCCTTG-GAATCAGC_L001
2124,0.0,4,4,S,129951,                  Human mastadenovirus C,H7NKYDSX3_104762-001-003_31_TCGCCTTG-GAATCAGC_L001
1816,0.0,40,40,S,11079,                  Murray Valley encephalitis virus,H7NKYDSX3_104762-001-003_56_TTAATCAG-CAGATTGG_L001
1826,0.01,3969,9,S,11983,                  Norwalk virus,H7NKYDSX3_104762-001-003_56_TTAATCAG-CAGATTGG_L001
1827,0.01,2693,2693,S1,95340,                    Norwalk-like virus,H7NKYDSX3_104762-001-003_56_TTAATCAG-CAGATTGG_L001
1828,0.0,1105,666,S1,122929,                    Norovirus GII,H7NKYDSX3_104762-001-003_56_TTAATCAG-CAGATTGG_L001
1829,0.0,256,256,S2,490039,                      Norovirus GII.2,H7NKYDSX3_104762-001-003_56_TTAATCAG-CAGATTGG_L001
1830,0.0,148,148,S2,552592,                      Norovirus GII.17,H7NKYDSX3_104762-001-003_56_TTAATCAG-CAGATTGG_L001
1832,0.0,28,28,S3,1529918,                        Norovirus GII/Hu/JP/2007/GII.P15_GII.15/Sapporo/HK299,H7NKYDSX3_104762-001-003_56_TTAATCAG-CAGATTGG_L001
1833,0.0,7,7,S3,1529924,                        Norovirus GII/Hu/JP/2011/GII/Yuzawa/Gira2HS,H7NKYDSX3_104762-001-003_56_TTAATCAG-CAGATTGG_L001
1834,0.0,123,108,S1,122928,                    Norovirus GI,H7NKYDSX3_104762-001-003_56_TTAATCAG-CAGATTGG_L001
1836,0.0,15,15,S3,1529909,                        Norovirus GI/Hu/JP/2007/GI.P3_GI.3/Shimizu/KK2866,H7NKYDSX3_104762-001-003_56_TTAATCAG-CAGATTGG_L001
1837,0.0,39,39,S1,262897,                    Norovirus GIV,H7NKYDSX3_104762-001-003_56_TTAATCAG-CAGATTGG_L001
1851,0.0,3,3,S2,291175,                      Sapovirus Hu/Dresden/pJG-Sap01/DE,H7NKYDSX3_104762-001-003_56_TTAATCAG-CAGATTGG_L001
1853,0.0,23,23,S2,234601,                      Sapovirus Mc10,H7NKYDSX3_104762-001-003_56_TTAATCAG-CAGATTGG_L001
1906,0.0,17,17,S,194965,                  Aichivirus B,H7NKYDSX3_104762-001-003_56_TTAATCAG-CAGATTGG_L001
1912,0.0,9,9,S,1547495,                    Salivirus FHB,H7NKYDSX3_104762-001-003_56_TTAATCAG-CAGATTGG_L001
1913,0.0,2,1,S,1330524,                  Salivirus A,H7NKYDSX3_104762-001-003_56_TTAATCAG-CAGATTGG_L001
1914,0.0,1,1,S1,651733,                    Salivirus NG-J1,H7NKYDSX3_104762-001-003_56_TTAATCAG-CAGATTGG_L001
2126,0.0,37,37,S,11676,                    Human immunodeficiency virus 1,H7NKYDSX3_104762-001-003_56_TTAATCAG-CAGATTGG_L001
2174,0.0,758,758,S1,10804,                      adeno-associated virus 2,H7NKYDSX3_104762-001-003_56_TTAATCAG-CAGATTGG_L001
2176,0.0,128,127,S2,57579,                        Adeno-associated virus - 4,H7NKYDSX3_104762-001-003_56_TTAATCAG-CAGATTGG_L001
2178,0.0,1,1,S2,46350,                        Adeno-associated virus - 3,H7NKYDSX3_104762-001-003_56_TTAATCAG-CAGATTGG_L001
2180,0.0,498,498,S1,82300,                      adeno-associated virus 5,H7NKYDSX3_104762-001-003_56_TTAATCAG-CAGATTGG_L001
2181,0.0,240,240,S1,256548,                      Bovine adeno-associated virus,H7NKYDSX3_104762-001-003_56_TTAATCAG-CAGATTGG_L001
2205,0.0,2,2,S1,10799,                      H-1 parvovirus,H7NKYDSX3_104762-001-003_56_TTAATCAG-CAGATTGG_L001
2223,0.0,47,47,S1,333923,                      Human papillomavirus 5,H7NKYDSX3_104762-001-003_56_TTAATCAG-CAGATTGG_L001
2260,0.0,107,107,S,1525173,                    Human circovirus VS6600022,H7NKYDSX3_104762-001-003_56_TTAATCAG-CAGATTGG_L001
2879,0.0,27,27,S,37296,                    Human gammaherpesvirus 8,H7NKYDSX3_104762-001-003_56_TTAATCAG-CAGATTGG_L001
2883,0.0,64,64,S,1780507,                    Myotis gammaherpesvirus 8,H7NKYDSX3_104762-001-003_56_TTAATCAG-CAGATTGG_L001
2886,0.0,62,62,S,10376,                    Human gammaherpesvirus 4,H7NKYDSX3_104762-001-003_56_TTAATCAG-CAGATTGG_L001
2902,0.0,3,3,S,10298,                    Human alphaherpesvirus 1,H7NKYDSX3_104762-001-003_56_TTAATCAG-CAGATTGG_L001
2905,0.0,1,1,S,340907,                    Papiine alphaherpesvirus 2,H7NKYDSX3_104762-001-003_56_TTAATCAG-CAGATTGG_L001
2911,0.0,41,41,S,10372,                    Human betaherpesvirus 7,H7NKYDSX3_104762-001-003_56_TTAATCAG-CAGATTGG_L001
2916,0.0,22,0,S,50292,                    Cercopithecine betaherpesvirus 5,H7NKYDSX3_104762-001-003_56_TTAATCAG-CAGATTGG_L001
3019,0.0,54,54,S1,10280,                      Molluscum contagiosum virus subtype 1,H7NKYDSX3_104762-001-003_56_TTAATCAG-CAGATTGG_L001
3176,0.0,11,11,S,2065053,        Torque teno midi virus 12,H7NKYDSX3_104762-001-003_56_TTAATCAG-CAGATTGG_L001
