,percent,Domain_BPs,species_BPs,taxonomy,taxid,name,sample
47,0.52,76999,76999,S,186617,uncultured marine virus,HCFKNDSX3_104762-001-002_09_CATGATCG-GGAGAGTA_L004
48,0.14,20000,20000,S,2202644,Microviridae sp.,HCFKNDSX3_104762-001-002_09_CATGATCG-GGAGAGTA_L004
49,0.12,17000,17000,S,2202563,CRESS virus sp.,HCFKNDSX3_104762-001-002_09_CATGATCG-GGAGAGTA_L004
50,0.07,10999,10999,S,1954248,Circoviridae sp.,HCFKNDSX3_104762-001-002_09_CATGATCG-GGAGAGTA_L004
51,0.05,8000,8000,S,43761,Barfin flounder nervous necrosis virus,HCFKNDSX3_104762-001-002_09_CATGATCG-GGAGAGTA_L004
52,0.04,6000,6000,S,340016,uncultured virus,HCFKNDSX3_104762-001-002_09_CATGATCG-GGAGAGTA_L004
53,0.05,7000,7000,S,2016021,Picornavirales N_OV_011,HCFKNDSX3_104762-001-002_09_CATGATCG-GGAGAGTA_L004
54,0.03,5000,5000,S,2591644,Prokaryotic dsDNA virus sp.,HCFKNDSX3_104762-001-002_09_CATGATCG-GGAGAGTA_L004
55,0.03,5000,5000,S,239364,uncultured human fecal virus,HCFKNDSX3_104762-001-002_09_CATGATCG-GGAGAGTA_L004
56,0.09,13000,13000,S,11978,Feline calicivirus,HCFKNDSX3_104762-001-002_09_CATGATCG-GGAGAGTA_L004
57,0.05,7000,7000,S,38018,Bacteriophage sp.,HCFKNDSX3_104762-001-002_09_CATGATCG-GGAGAGTA_L004
58,0.03,5000,5000,S,2021952,Caledonia partiti-like virus,HCFKNDSX3_104762-001-002_09_CATGATCG-GGAGAGTA_L004
59,0.01,2000,2000,S,1511892,Adeno-associated dependoparvovirus B,HCFKNDSX3_104762-001-002_09_CATGATCG-GGAGAGTA_L004
60,0.01,2000,2000,S,1881296,Vibrio phage 1.036.O._10N.286.45.C3,HCFKNDSX3_104762-001-002_09_CATGATCG-GGAGAGTA_L004
61,0.01,2000,2000,S,129951,Human mastadenovirus C,HCFKNDSX3_104762-001-002_09_CATGATCG-GGAGAGTA_L004
62,0.01,2000,2000,S,2832173,Mute swan feces associated noda-like virus 1,HCFKNDSX3_104762-001-002_09_CATGATCG-GGAGAGTA_L004
63,0.01,2000,2000,S,2021887,Barns Ness breadcrumb sponge weivirus-like virus 1,HCFKNDSX3_104762-001-002_09_CATGATCG-GGAGAGTA_L004
64,0.01,2000,2000,S,2021878,Barns Ness breadcrumb sponge aquatic picorna-like virus 2,HCFKNDSX3_104762-001-002_09_CATGATCG-GGAGAGTA_L004
65,0.01,2000,2000,S,2202954,Circular genetic element sp.,HCFKNDSX3_104762-001-002_09_CATGATCG-GGAGAGTA_L004
66,0.01,2000,2000,S,186617,uncultured marine virus,HCFKNDSX3_104762-001-002_09_CATGATCG-GGAGAGTA_L004
67,0.01,1000,1000,S,2560308,Astarnavirus,HCFKNDSX3_104762-001-002_09_CATGATCG-GGAGAGTA_L004
68,0.01,1000,1000,S,2692957,Marine virus AFVG_117M42,HCFKNDSX3_104762-001-002_09_CATGATCG-GGAGAGTA_L004
69,0.01,1000,1000,S,2202565,Genomoviridae sp.,HCFKNDSX3_104762-001-002_09_CATGATCG-GGAGAGTA_L004
70,0.01,1000,1000,S,1868666,uncultured Mediterranean phage uvDeep-CGR1-KM17-C101,HCFKNDSX3_104762-001-002_09_CATGATCG-GGAGAGTA_L004
71,0.01,1000,1000,S,573176,Vibrio phage jenny 12G5,HCFKNDSX3_104762-001-002_09_CATGATCG-GGAGAGTA_L004
72,0.01,1000,1000,S,43763,Redspotted grouper nervous necrosis virus,HCFKNDSX3_104762-001-002_09_CATGATCG-GGAGAGTA_L004
73,0.01,1000,1000,S,2859353,Vibrio phage PS14A.1,HCFKNDSX3_104762-001-002_09_CATGATCG-GGAGAGTA_L004
74,0.01,1000,1000,S,1922725,Beihai tombus-like virus 4,HCFKNDSX3_104762-001-002_09_CATGATCG-GGAGAGTA_L004
75,0.01,2000,2000,S,2692978,Marine virus AFVG_117M61,HCFKNDSX3_104762-001-002_09_CATGATCG-GGAGAGTA_L004
76,0.01,1000,1000,S,1881432,Vibrio phage 1.179.O._10N.286.45.F12,HCFKNDSX3_104762-001-002_09_CATGATCG-GGAGAGTA_L004
77,0.01,1000,1000,S,3050508,Ulva CRESS virus 4,HCFKNDSX3_104762-001-002_09_CATGATCG-GGAGAGTA_L004
78,0.01,1000,1000,S,3052707,Carnivore protoparvovirus 1,HCFKNDSX3_104762-001-002_09_CATGATCG-GGAGAGTA_L004
79,0.01,1000,1000,S,2963176,Vibrio phage 199E37-1,HCFKNDSX3_104762-001-002_09_CATGATCG-GGAGAGTA_L004
80,0.01,1000,1000,S,2832200,Mute swan feces associated picorna-like virus 26,HCFKNDSX3_104762-001-002_09_CATGATCG-GGAGAGTA_L004
81,0.01,2000,2000,S,2904752,Pisaster ochraceus associated picornavirus 2,HCFKNDSX3_104762-001-002_09_CATGATCG-GGAGAGTA_L004
82,0.01,1000,1000,S,2824376,Xinjiang sediment noda-like virus 1,HCFKNDSX3_104762-001-002_09_CATGATCG-GGAGAGTA_L004
83,0.01,1000,1000,S,2824374,Sichuan sediment noda-like virus 8,HCFKNDSX3_104762-001-002_09_CATGATCG-GGAGAGTA_L004
84,0.01,2000,2000,S,1955166,Nodaviridae sp.,HCFKNDSX3_104762-001-002_09_CATGATCG-GGAGAGTA_L004
85,0.01,2000,2000,S,1906674,Betanodavirus sp.,HCFKNDSX3_104762-001-002_09_CATGATCG-GGAGAGTA_L004
86,0.01,1000,1000,S,2021917,Millport beadlet anemone dicistro-like virus 1,HCFKNDSX3_104762-001-002_09_CATGATCG-GGAGAGTA_L004
87,0.01,2000,2000,S,3048438,Tymovirus brassicae,HCFKNDSX3_104762-001-002_09_CATGATCG-GGAGAGTA_L004
88,0.01,1000,1000,S,1407671,uncultured Mediterranean phage uvMED,HCFKNDSX3_104762-001-002_09_CATGATCG-GGAGAGTA_L004
50,0.37,27999,27999,S,186617,uncultured marine virus,HCFKNDSX3_104762-001-002_71_TAAGCACA-TTAATGTC_L004
51,0.07,5000,5000,S,1165907,Porcine bocavirus,HCFKNDSX3_104762-001-002_71_TAAGCACA-TTAATGTC_L004
52,0.09,7000,7000,S,239364,uncultured human fecal virus,HCFKNDSX3_104762-001-002_71_TAAGCACA-TTAATGTC_L004
53,0.07,5000,5000,S,2859335,Vibrio phage 51E28.4,HCFKNDSX3_104762-001-002_71_TAAGCACA-TTAATGTC_L004
54,0.08,6000,6000,S,2859353,Vibrio phage PS14A.1,HCFKNDSX3_104762-001-002_71_TAAGCACA-TTAATGTC_L004
55,0.07,5000,5000,S,2824374,Sichuan sediment noda-like virus 8,HCFKNDSX3_104762-001-002_71_TAAGCACA-TTAATGTC_L004
56,0.12,9000,9000,S,11978,Feline calicivirus,HCFKNDSX3_104762-001-002_71_TAAGCACA-TTAATGTC_L004
57,0.05,4000,4000,S,2202563,CRESS virus sp.,HCFKNDSX3_104762-001-002_71_TAAGCACA-TTAATGTC_L004
58,0.05,4000,4000,S,1511891,Dependoparvovirus primate1,HCFKNDSX3_104762-001-002_71_TAAGCACA-TTAATGTC_L004
59,0.04,3000,3000,S,95342,Sapporo virus,HCFKNDSX3_104762-001-002_71_TAAGCACA-TTAATGTC_L004
60,0.05,4000,4000,S,1923144,Hubei picorna-like virus 61,HCFKNDSX3_104762-001-002_71_TAAGCACA-TTAATGTC_L004
61,0.03,2000,2000,S,573176,Vibrio phage jenny 12G5,HCFKNDSX3_104762-001-002_71_TAAGCACA-TTAATGTC_L004
62,0.03,2000,2000,S,3052049,Ungulate bocaparvovirus 5,HCFKNDSX3_104762-001-002_71_TAAGCACA-TTAATGTC_L004
63,0.03,2000,2000,S,3032256,Roseobacter phage CRP-901,HCFKNDSX3_104762-001-002_71_TAAGCACA-TTAATGTC_L004
64,0.03,2000,2000,S,119910,Ryegrass mottle virus,HCFKNDSX3_104762-001-002_71_TAAGCACA-TTAATGTC_L004
65,0.03,2000,2000,S,1239567,Mamastrovirus 3,HCFKNDSX3_104762-001-002_71_TAAGCACA-TTAATGTC_L004
66,0.03,2000,2000,S,38018,Bacteriophage sp.,HCFKNDSX3_104762-001-002_71_TAAGCACA-TTAATGTC_L004
67,0.03,2000,2000,S,2511037,Gorebridge virus,HCFKNDSX3_104762-001-002_71_TAAGCACA-TTAATGTC_L004
68,0.04,3000,3000,S,2202954,Circular genetic element sp.,HCFKNDSX3_104762-001-002_71_TAAGCACA-TTAATGTC_L004
69,0.01,1000,1000,S,1954248,Circoviridae sp.,HCFKNDSX3_104762-001-002_71_TAAGCACA-TTAATGTC_L004
70,0.03,2000,2000,S,95342,Sapporo virus,HCFKNDSX3_104762-001-002_71_TAAGCACA-TTAATGTC_L004
71,0.01,1000,1000,S,1881320,Vibrio phage 1.091.O._10N.286.52.B12,HCFKNDSX3_104762-001-002_71_TAAGCACA-TTAATGTC_L004
72,0.01,1000,1000,S,10678,Escherichia virus P1,HCFKNDSX3_104762-001-002_71_TAAGCACA-TTAATGTC_L004
73,0.01,1000,1000,S,2591644,Prokaryotic dsDNA virus sp.,HCFKNDSX3_104762-001-002_71_TAAGCACA-TTAATGTC_L004
74,0.01,1000,1000,S,1979848,Ambidensovirus CaaDV1,HCFKNDSX3_104762-001-002_71_TAAGCACA-TTAATGTC_L004
75,0.01,1000,1000,S,66834,Rhopalosiphum padi virus,HCFKNDSX3_104762-001-002_71_TAAGCACA-TTAATGTC_L004
76,0.01,1000,1000,S,3047792,Iflavirus aladeformis,HCFKNDSX3_104762-001-002_71_TAAGCACA-TTAATGTC_L004
77,0.01,1000,1000,S,11983,Norwalk virus,HCFKNDSX3_104762-001-002_71_TAAGCACA-TTAATGTC_L004
78,0.01,1000,1000,S,3032257,Roseobacter phage CRP-902,HCFKNDSX3_104762-001-002_71_TAAGCACA-TTAATGTC_L004
79,0.01,1000,1000,S,1907787,Picobirnavirus sp.,HCFKNDSX3_104762-001-002_71_TAAGCACA-TTAATGTC_L004
80,0.01,1000,1000,S,11976,Rabbit hemorrhagic disease virus,HCFKNDSX3_104762-001-002_71_TAAGCACA-TTAATGTC_L004
81,0.01,1000,1000,S,1883111,Bocaparvovirus sp.,HCFKNDSX3_104762-001-002_71_TAAGCACA-TTAATGTC_L004
82,0.01,1000,1000,S,2932679,Scallop picorna-like virus 1,HCFKNDSX3_104762-001-002_71_TAAGCACA-TTAATGTC_L004
83,0.01,1000,1000,S,2170004,Megrivirus A,HCFKNDSX3_104762-001-002_71_TAAGCACA-TTAATGTC_L004
84,0.01,1000,1000,S,2832173,Mute swan feces associated noda-like virus 1,HCFKNDSX3_104762-001-002_71_TAAGCACA-TTAATGTC_L004
85,0.01,1000,1000,S,2940903,Flumine parvovirus 20,HCFKNDSX3_104762-001-002_71_TAAGCACA-TTAATGTC_L004
86,0.01,1000,1000,S,2585267,Reoviridae sp.,HCFKNDSX3_104762-001-002_71_TAAGCACA-TTAATGTC_L004
87,0.01,1000,1000,S,118140,Teschovirus A,HCFKNDSX3_104762-001-002_71_TAAGCACA-TTAATGTC_L004
88,0.01,1000,1000,S,2034334,Norway luteo-like virus 4,HCFKNDSX3_104762-001-002_71_TAAGCACA-TTAATGTC_L004
89,0.01,1000,1000,S,272636,Adeno-associated virus,HCFKNDSX3_104762-001-002_71_TAAGCACA-TTAATGTC_L004
90,0.25,19000,19000,S,1111988,Watercress white vein virus,HCFKNDSX3_104762-001-002_71_TAAGCACA-TTAATGTC_L004
91,0.01,1000,1000,S,375198,uncultured marine RNA virus,HCFKNDSX3_104762-001-002_71_TAAGCACA-TTAATGTC_L004
53,0.53,49999,49999,S,186617,uncultured marine virus,HCFKNDSX3_104762-001-002_64_AACGCATT-CAACCTGC_L004
54,0.1,9000,9000,S,2202563,CRESS virus sp.,HCFKNDSX3_104762-001-002_64_AACGCATT-CAACCTGC_L004
55,0.07,7000,7000,S,3048297,Cripavirus ropadi,HCFKNDSX3_104762-001-002_64_AACGCATT-CAACCTGC_L004
56,0.06,5999,5999,S,1407671,uncultured Mediterranean phage uvMED,HCFKNDSX3_104762-001-002_64_AACGCATT-CAACCTGC_L004
57,0.1,9000,9000,S,1954248,Circoviridae sp.,HCFKNDSX3_104762-001-002_64_AACGCATT-CAACCTGC_L004
58,0.07,7000,7000,S,1111988,Watercress white vein virus,HCFKNDSX3_104762-001-002_64_AACGCATT-CAACCTGC_L004
59,0.07,7000,7000,S,2202954,Circular genetic element sp.,HCFKNDSX3_104762-001-002_64_AACGCATT-CAACCTGC_L004
60,0.05,5000,5000,S,1923144,Hubei picorna-like virus 61,HCFKNDSX3_104762-001-002_64_AACGCATT-CAACCTGC_L004
61,0.04,3999,3999,S,2945965,phage 023Pt_psg01,HCFKNDSX3_104762-001-002_64_AACGCATT-CAACCTGC_L004
62,0.11,10000,10000,S,11978,Feline calicivirus,HCFKNDSX3_104762-001-002_64_AACGCATT-CAACCTGC_L004
63,0.04,3999,3999,S,2511037,Gorebridge virus,HCFKNDSX3_104762-001-002_64_AACGCATT-CAACCTGC_L004
64,0.04,3999,3999,S,272636,Adeno-associated virus,HCFKNDSX3_104762-001-002_64_AACGCATT-CAACCTGC_L004
65,0.04,3999,3999,S,186617,uncultured marine virus,HCFKNDSX3_104762-001-002_64_AACGCATT-CAACCTGC_L004
66,0.05,5000,5000,S,1881320,Vibrio phage 1.091.O._10N.286.52.B12,HCFKNDSX3_104762-001-002_64_AACGCATT-CAACCTGC_L004
67,0.04,3999,3999,S,1128073,Meles meles circovirus-like virus,HCFKNDSX3_104762-001-002_64_AACGCATT-CAACCTGC_L004
68,0.03,3000,3000,S,2832235,Mute swan feces associated ambidensovirus 4,HCFKNDSX3_104762-001-002_64_AACGCATT-CAACCTGC_L004
69,0.06,6000,6000,S,43763,Redspotted grouper nervous necrosis virus,HCFKNDSX3_104762-001-002_64_AACGCATT-CAACCTGC_L004
70,0.11,10000,10000,S,2021952,Caledonia partiti-like virus,HCFKNDSX3_104762-001-002_64_AACGCATT-CAACCTGC_L004
71,0.03,2999,2999,S,340016,uncultured virus,HCFKNDSX3_104762-001-002_64_AACGCATT-CAACCTGC_L004
72,0.02,1999,1999,S,1881447,Vibrio phage 1.264.O._10N.286.51.F2,HCFKNDSX3_104762-001-002_64_AACGCATT-CAACCTGC_L004
73,0.02,1999,1999,S,2859334,Vibrio phage 51E28.1,HCFKNDSX3_104762-001-002_64_AACGCATT-CAACCTGC_L004
74,0.02,1999,1999,S,2971105,Pelagibacter phage Skadi-7 EXVC107P,HCFKNDSX3_104762-001-002_64_AACGCATT-CAACCTGC_L004
75,0.03,3000,3000,S,119910,Ryegrass mottle virus,HCFKNDSX3_104762-001-002_64_AACGCATT-CAACCTGC_L004
76,0.02,1999,1999,S,2940904,Flumine parvovirus 21,HCFKNDSX3_104762-001-002_64_AACGCATT-CAACCTGC_L004
77,0.02,1999,1999,S,35297,Striped jack nervous necrosis virus,HCFKNDSX3_104762-001-002_64_AACGCATT-CAACCTGC_L004
78,0.02,1999,1999,S,2202644,Microviridae sp.,HCFKNDSX3_104762-001-002_64_AACGCATT-CAACCTGC_L004
79,0.02,1999,1999,S,38018,Bacteriophage sp.,HCFKNDSX3_104762-001-002_64_AACGCATT-CAACCTGC_L004
80,0.02,1999,1999,S,1881441,Vibrio phage 1.247.A._10N.261.54.E12,HCFKNDSX3_104762-001-002_64_AACGCATT-CAACCTGC_L004
81,0.01,999,999,S,1955235,Pseudoalteromonas phage PHS21,HCFKNDSX3_104762-001-002_64_AACGCATT-CAACCTGC_L004
82,0.01,999,999,S,1881338,Vibrio phage 1.158.O._10N.261.45.E12,HCFKNDSX3_104762-001-002_64_AACGCATT-CAACCTGC_L004
83,0.01,999,999,S,2693046,Marine virus AFVG_250M1027,HCFKNDSX3_104762-001-002_64_AACGCATT-CAACCTGC_L004
84,0.01,999,999,S,1881416,Vibrio phage 1.021.B._10N.222.51.F9,HCFKNDSX3_104762-001-002_64_AACGCATT-CAACCTGC_L004
85,0.01,999,999,S,2859357,Vibrio phage PS17B.1,HCFKNDSX3_104762-001-002_64_AACGCATT-CAACCTGC_L004
86,0.01,999,999,S,1881274,Vibrio phage 1.265.O._10N.286.52.F6,HCFKNDSX3_104762-001-002_64_AACGCATT-CAACCTGC_L004
87,0.01,999,999,S,1881314,Vibrio phage 1.079.O._10N.286.45.E9,HCFKNDSX3_104762-001-002_64_AACGCATT-CAACCTGC_L004
88,0.01,999,999,S,1868666,uncultured Mediterranean phage uvDeep-CGR1-KM17-C101,HCFKNDSX3_104762-001-002_64_AACGCATT-CAACCTGC_L004
89,0.01,999,999,S,2304505,Culex Bastrovirus-like virus,HCFKNDSX3_104762-001-002_64_AACGCATT-CAACCTGC_L004
90,0.01,999,999,S,1407671,uncultured Mediterranean phage uvMED,HCFKNDSX3_104762-001-002_64_AACGCATT-CAACCTGC_L004
91,0.01,999,999,S,35297,Striped jack nervous necrosis virus,HCFKNDSX3_104762-001-002_64_AACGCATT-CAACCTGC_L004
92,0.01,999,999,S,1239574,Mamastrovirus 10,HCFKNDSX3_104762-001-002_64_AACGCATT-CAACCTGC_L004
93,0.01,999,999,S,1881316,Vibrio phage 1.087.A._10N.261.45.F9,HCFKNDSX3_104762-001-002_64_AACGCATT-CAACCTGC_L004
94,0.01,999,999,S,2591644,Prokaryotic dsDNA virus sp.,HCFKNDSX3_104762-001-002_64_AACGCATT-CAACCTGC_L004
95,0.01,999,999,S,239364,uncultured human fecal virus,HCFKNDSX3_104762-001-002_64_AACGCATT-CAACCTGC_L004
96,0.01,999,999,S,1979848,Ambidensovirus CaaDV1,HCFKNDSX3_104762-001-002_64_AACGCATT-CAACCTGC_L004
97,0.01,999,999,S,1881384,Vibrio phage 1.124.O._10N.286.49.B1,HCFKNDSX3_104762-001-002_64_AACGCATT-CAACCTGC_L004
98,0.01,999,999,S,1881253,Vibrio phage 1.178.O._10N.286.45.E12,HCFKNDSX3_104762-001-002_64_AACGCATT-CAACCTGC_L004
99,0.01,999,999,S,1511891,Dependoparvovirus primate1,HCFKNDSX3_104762-001-002_64_AACGCATT-CAACCTGC_L004
100,0.01,999,999,S,2932679,Scallop picorna-like virus 1,HCFKNDSX3_104762-001-002_64_AACGCATT-CAACCTGC_L004
101,0.01,999,999,S,2832236,Mute swan feces associated ambidensovirus 5,HCFKNDSX3_104762-001-002_64_AACGCATT-CAACCTGC_L004
102,0.01,999,999,S,2832173,Mute swan feces associated noda-like virus 1,HCFKNDSX3_104762-001-002_64_AACGCATT-CAACCTGC_L004
103,0.01,999,999,S,2941416,Flumine tombus-like virus 3,HCFKNDSX3_104762-001-002_64_AACGCATT-CAACCTGC_L004
104,0.01,999,999,S,1955165,Luteoviridae sp.,HCFKNDSX3_104762-001-002_64_AACGCATT-CAACCTGC_L004
105,0.01,999,999,S,2867483,Mink norovirus,HCFKNDSX3_104762-001-002_64_AACGCATT-CAACCTGC_L004
106,0.01,999,999,S,1906674,Betanodavirus sp.,HCFKNDSX3_104762-001-002_64_AACGCATT-CAACCTGC_L004
107,0.01,999,999,S,2506608,Mimivirus LCMiAC01,HCFKNDSX3_104762-001-002_64_AACGCATT-CAACCTGC_L004
108,0.01,999,999,S,2480181,Mytedu virus 1,HCFKNDSX3_104762-001-002_64_AACGCATT-CAACCTGC_L004
109,0.01,999,999,S,2034334,Norway luteo-like virus 4,HCFKNDSX3_104762-001-002_64_AACGCATT-CAACCTGC_L004
110,0.02,1999,1999,S,2021887,Barns Ness breadcrumb sponge weivirus-like virus 1,HCFKNDSX3_104762-001-002_64_AACGCATT-CAACCTGC_L004
111,0.02,1999,1999,S,1955787,Viltain virus,HCFKNDSX3_104762-001-002_64_AACGCATT-CAACCTGC_L004
112,0.01,999,999,S,1169626,Densovirus SC116,HCFKNDSX3_104762-001-002_64_AACGCATT-CAACCTGC_L004
113,0.01,999,999,S,95342,Sapporo virus,HCFKNDSX3_104762-001-002_64_AACGCATT-CAACCTGC_L004
114,0.02,1999,1999,S,375198,uncultured marine RNA virus,HCFKNDSX3_104762-001-002_64_AACGCATT-CAACCTGC_L004
115,0.01,999,999,S,45475,Dicentrarchus labrax encephalitis virus,HCFKNDSX3_104762-001-002_64_AACGCATT-CAACCTGC_L004
43,1.77,129999,129999,S,186617,uncultured marine virus,HCFKNDSX3_104762-001-002_35_AGGTGCGA-GCCAGAAG_L004
44,0.16,12000,12000,S,1922434,Beihai mollusks virus 1,HCFKNDSX3_104762-001-002_35_AGGTGCGA-GCCAGAAG_L004
45,0.12,9000,9000,S,3048297,Cripavirus ropadi,HCFKNDSX3_104762-001-002_35_AGGTGCGA-GCCAGAAG_L004
46,0.14,10000,10000,S,2202644,Microviridae sp.,HCFKNDSX3_104762-001-002_35_AGGTGCGA-GCCAGAAG_L004
47,0.08,6000,6000,S,3047369,Cripavirus mortiferum,HCFKNDSX3_104762-001-002_35_AGGTGCGA-GCCAGAAG_L004
48,0.1,7000,7000,S,748192,uncultured densovirus,HCFKNDSX3_104762-001-002_35_AGGTGCGA-GCCAGAAG_L004
49,0.1,6999,6999,S,186617,uncultured marine virus,HCFKNDSX3_104762-001-002_35_AGGTGCGA-GCCAGAAG_L004
50,0.1,6999,6999,S,340016,uncultured virus,HCFKNDSX3_104762-001-002_35_AGGTGCGA-GCCAGAAG_L004
51,0.12,9000,9000,S,2202563,CRESS virus sp.,HCFKNDSX3_104762-001-002_35_AGGTGCGA-GCCAGAAG_L004
52,0.05,3999,3999,S,2859319,Vibrio phage 252E42.2,HCFKNDSX3_104762-001-002_35_AGGTGCGA-GCCAGAAG_L004
53,0.08,6000,6000,S,11978,Feline calicivirus,HCFKNDSX3_104762-001-002_35_AGGTGCGA-GCCAGAAG_L004
54,0.04,2999,2999,S,239364,uncultured human fecal virus,HCFKNDSX3_104762-001-002_35_AGGTGCGA-GCCAGAAG_L004
55,0.04,2999,2999,S,2202954,Circular genetic element sp.,HCFKNDSX3_104762-001-002_35_AGGTGCGA-GCCAGAAG_L004
56,0.04,3000,3000,S,1881451,Vibrio phage 1.205.O._10N.222.51.A7,HCFKNDSX3_104762-001-002_35_AGGTGCGA-GCCAGAAG_L004
57,0.1,7000,7000,S,1111988,Watercress white vein virus,HCFKNDSX3_104762-001-002_35_AGGTGCGA-GCCAGAAG_L004
58,0.03,1999,1999,S,2591644,Prokaryotic dsDNA virus sp.,HCFKNDSX3_104762-001-002_35_AGGTGCGA-GCCAGAAG_L004
59,0.03,1999,1999,S,1881447,Vibrio phage 1.264.O._10N.286.51.F2,HCFKNDSX3_104762-001-002_35_AGGTGCGA-GCCAGAAG_L004
60,0.03,1999,1999,S,1881399,Vibrio phage 1.093.O._10N.286.55.E10,HCFKNDSX3_104762-001-002_35_AGGTGCGA-GCCAGAAG_L004
61,0.04,3000,3000,S,1881296,Vibrio phage 1.036.O._10N.286.45.C3,HCFKNDSX3_104762-001-002_35_AGGTGCGA-GCCAGAAG_L004
62,0.03,1999,1999,S,2560615,Nordland virus,HCFKNDSX3_104762-001-002_35_AGGTGCGA-GCCAGAAG_L004
63,0.03,1999,1999,S,129951,Human mastadenovirus C,HCFKNDSX3_104762-001-002_35_AGGTGCGA-GCCAGAAG_L004
64,0.07,5000,5000,S,2940903,Flumine parvovirus 20,HCFKNDSX3_104762-001-002_35_AGGTGCGA-GCCAGAAG_L004
65,0.01,999,999,S,1881441,Vibrio phage 1.247.A._10N.261.54.E12,HCFKNDSX3_104762-001-002_35_AGGTGCGA-GCCAGAAG_L004
66,0.01,999,999,S,1881425,Vibrio phage 1.103.O._10N.261.52.F2,HCFKNDSX3_104762-001-002_35_AGGTGCGA-GCCAGAAG_L004
67,0.01,999,999,S,2859355,Vibrio phage PS15B.3,HCFKNDSX3_104762-001-002_35_AGGTGCGA-GCCAGAAG_L004
68,0.05,3999,3999,S,1881416,Vibrio phage 1.021.B._10N.222.51.F9,HCFKNDSX3_104762-001-002_35_AGGTGCGA-GCCAGAAG_L004
69,0.01,999,999,S,2694263,Marine virus AFVG_25M128,HCFKNDSX3_104762-001-002_35_AGGTGCGA-GCCAGAAG_L004
70,0.01,999,999,S,1177763,Omegapapillomavirus 1,HCFKNDSX3_104762-001-002_35_AGGTGCGA-GCCAGAAG_L004
71,0.01,999,999,S,2694692,Marine virus AFVG_25M512,HCFKNDSX3_104762-001-002_35_AGGTGCGA-GCCAGAAG_L004
72,0.01,999,999,S,1881245,Vibrio phage 1.047.O._10N.286.55.F2,HCFKNDSX3_104762-001-002_35_AGGTGCGA-GCCAGAAG_L004
73,0.01,999,999,S,1407671,uncultured Mediterranean phage uvMED,HCFKNDSX3_104762-001-002_35_AGGTGCGA-GCCAGAAG_L004
74,0.01,999,999,S,2859353,Vibrio phage PS14A.1,HCFKNDSX3_104762-001-002_35_AGGTGCGA-GCCAGAAG_L004
75,0.01,999,999,S,1385658,Marine gokushovirus,HCFKNDSX3_104762-001-002_35_AGGTGCGA-GCCAGAAG_L004
76,0.01,999,999,S,2859335,Vibrio phage 51E28.4,HCFKNDSX3_104762-001-002_35_AGGTGCGA-GCCAGAAG_L004
77,0.01,999,999,S,2692946,Marine virus AFVG_117M32,HCFKNDSX3_104762-001-002_35_AGGTGCGA-GCCAGAAG_L004
78,0.01,999,999,S,2283017,Pelagibacter phage HTVC031P,HCFKNDSX3_104762-001-002_35_AGGTGCGA-GCCAGAAG_L004
79,0.01,999,999,S,1881253,Vibrio phage 1.178.O._10N.286.45.E12,HCFKNDSX3_104762-001-002_35_AGGTGCGA-GCCAGAAG_L004
80,0.01,999,999,S,1881319,Vibrio phage 1.090.B._10N.286.48.F1,HCFKNDSX3_104762-001-002_35_AGGTGCGA-GCCAGAAG_L004
81,0.01,999,999,S,1954248,Circoviridae sp.,HCFKNDSX3_104762-001-002_35_AGGTGCGA-GCCAGAAG_L004
82,0.01,999,999,S,1881432,Vibrio phage 1.179.O._10N.286.45.F12,HCFKNDSX3_104762-001-002_35_AGGTGCGA-GCCAGAAG_L004
83,0.01,999,999,S,3050508,Ulva CRESS virus 4,HCFKNDSX3_104762-001-002_35_AGGTGCGA-GCCAGAAG_L004
84,0.01,999,999,S,1955144,Dicistroviridae sp.,HCFKNDSX3_104762-001-002_35_AGGTGCGA-GCCAGAAG_L004
85,0.01,999,999,S,38018,Bacteriophage sp.,HCFKNDSX3_104762-001-002_35_AGGTGCGA-GCCAGAAG_L004
86,0.01,999,999,S,2963202,Vibrio phage 456E52-1,HCFKNDSX3_104762-001-002_35_AGGTGCGA-GCCAGAAG_L004
87,0.01,999,999,S,2945965,phage 023Pt_psg01,HCFKNDSX3_104762-001-002_35_AGGTGCGA-GCCAGAAG_L004
88,0.01,999,999,S,2832233,Mute swan feces associated ambidensovirus 2,HCFKNDSX3_104762-001-002_35_AGGTGCGA-GCCAGAAG_L004
89,0.01,999,999,S,2922802,Carcinus maenas reovirus,HCFKNDSX3_104762-001-002_35_AGGTGCGA-GCCAGAAG_L004
90,0.01,999,999,S,3048357,Aparavirus tauraense,HCFKNDSX3_104762-001-002_35_AGGTGCGA-GCCAGAAG_L004
91,0.01,999,999,S,2021878,Barns Ness breadcrumb sponge aquatic picorna-like virus 2,HCFKNDSX3_104762-001-002_35_AGGTGCGA-GCCAGAAG_L004
92,0.01,999,999,S,1407671,uncultured Mediterranean phage uvMED,HCFKNDSX3_104762-001-002_35_AGGTGCGA-GCCAGAAG_L004
93,0.01,999,999,S,2709239,Fur seal circovirus,HCFKNDSX3_104762-001-002_35_AGGTGCGA-GCCAGAAG_L004
43,0.25,16000,16000,S,239364,uncultured human fecal virus,H7NKYDSX3_104762-001-003_57_CTATGCGT-TGATATTC_L001
44,0.22,13999,13999,S,186617,uncultured marine virus,H7NKYDSX3_104762-001-003_57_CTATGCGT-TGATATTC_L001
45,0.11,6999,6999,S,2021887,Barns Ness breadcrumb sponge weivirus-like virus 1,H7NKYDSX3_104762-001-003_57_CTATGCGT-TGATATTC_L001
46,0.12,8000,8000,S,1111988,Watercress white vein virus,H7NKYDSX3_104762-001-003_57_CTATGCGT-TGATATTC_L001
47,0.08,5000,5000,S,2202563,CRESS virus sp.,H7NKYDSX3_104762-001-003_57_CTATGCGT-TGATATTC_L001
48,0.15,10000,10000,S,11978,Feline calicivirus,H7NKYDSX3_104762-001-003_57_CTATGCGT-TGATATTC_L001
49,0.08,5000,5000,S,43761,Barfin flounder nervous necrosis virus,H7NKYDSX3_104762-001-003_57_CTATGCGT-TGATATTC_L001
50,0.08,5000,5000,S,1128073,Meles meles circovirus-like virus,H7NKYDSX3_104762-001-003_57_CTATGCGT-TGATATTC_L001
51,0.05,3000,3000,S,2832173,Mute swan feces associated noda-like virus 1,H7NKYDSX3_104762-001-003_57_CTATGCGT-TGATATTC_L001
52,0.12,8000,8000,S,2021952,Caledonia partiti-like virus,H7NKYDSX3_104762-001-003_57_CTATGCGT-TGATATTC_L001
53,0.05,3000,3000,S,2016021,Picornavirales N_OV_011,H7NKYDSX3_104762-001-003_57_CTATGCGT-TGATATTC_L001
54,0.05,3000,3000,S,2202644,Microviridae sp.,H7NKYDSX3_104762-001-003_57_CTATGCGT-TGATATTC_L001
55,0.03,2000,2000,S,1954248,Circoviridae sp.,H7NKYDSX3_104762-001-003_57_CTATGCGT-TGATATTC_L001
56,0.05,3000,3000,S,1881264,Vibrio phage 1.214.O._10N.222.54.F11,H7NKYDSX3_104762-001-003_57_CTATGCGT-TGATATTC_L001
57,0.05,3000,3000,S,748192,uncultured densovirus,H7NKYDSX3_104762-001-003_57_CTATGCGT-TGATATTC_L001
58,0.08,5000,5000,S,11976,Rabbit hemorrhagic disease virus,H7NKYDSX3_104762-001-003_57_CTATGCGT-TGATATTC_L001
59,0.03,2000,2000,S,2874459,Nelson wasp-associated virus 3,H7NKYDSX3_104762-001-003_57_CTATGCGT-TGATATTC_L001
60,0.03,2000,2000,S,2511037,Gorebridge virus,H7NKYDSX3_104762-001-003_57_CTATGCGT-TGATATTC_L001
61,0.03,2000,2000,S,2034334,Norway luteo-like virus 4,H7NKYDSX3_104762-001-003_57_CTATGCGT-TGATATTC_L001
62,0.03,2000,2000,S,272636,Adeno-associated virus,H7NKYDSX3_104762-001-003_57_CTATGCGT-TGATATTC_L001
63,0.12,8000,8000,S,2202954,Circular genetic element sp.,H7NKYDSX3_104762-001-003_57_CTATGCGT-TGATATTC_L001
64,0.03,2000,2000,S,1955144,Dicistroviridae sp.,H7NKYDSX3_104762-001-003_57_CTATGCGT-TGATATTC_L001
65,0.03,2000,2000,S,1923144,Hubei picorna-like virus 61,H7NKYDSX3_104762-001-003_57_CTATGCGT-TGATATTC_L001
66,0.02,1000,1000,S,2844446,Gemycircularvirus geras2,H7NKYDSX3_104762-001-003_57_CTATGCGT-TGATATTC_L001
67,0.02,1000,1000,S,2100421,uncultured Caudovirales phage,H7NKYDSX3_104762-001-003_57_CTATGCGT-TGATATTC_L001
68,0.02,1000,1000,S,2859353,Vibrio phage PS14A.1,H7NKYDSX3_104762-001-003_57_CTATGCGT-TGATATTC_L001
69,0.02,1000,1000,S,2859320,Vibrio phage 264E42.1,H7NKYDSX3_104762-001-003_57_CTATGCGT-TGATATTC_L001
70,0.02,1000,1000,S,1923101,Hubei picorna-like virus 21,H7NKYDSX3_104762-001-003_57_CTATGCGT-TGATATTC_L001
71,0.02,1000,1000,S,1881344,Vibrio phage 1.175.O._10N.261.55.B3,H7NKYDSX3_104762-001-003_57_CTATGCGT-TGATATTC_L001
72,0.02,1000,1000,S,1881432,Vibrio phage 1.179.O._10N.286.45.F12,H7NKYDSX3_104762-001-003_57_CTATGCGT-TGATATTC_L001
73,0.02,1000,1000,S,3052707,Carnivore protoparvovirus 1,H7NKYDSX3_104762-001-003_57_CTATGCGT-TGATATTC_L001
74,0.03,2000,2000,S,38018,Bacteriophage sp.,H7NKYDSX3_104762-001-003_57_CTATGCGT-TGATATTC_L001
75,0.02,1000,1000,S,3052699,Dipteran protoambidensovirus 1,H7NKYDSX3_104762-001-003_57_CTATGCGT-TGATATTC_L001
76,0.02,1000,1000,S,2832221,Mute swan feces associated sobemovirus 1,H7NKYDSX3_104762-001-003_57_CTATGCGT-TGATATTC_L001
77,0.02,1000,1000,S,2941394,Flumine tombus-like virus 1,H7NKYDSX3_104762-001-003_57_CTATGCGT-TGATATTC_L001
78,0.02,1000,1000,S,2585031,Riboviria sp.,H7NKYDSX3_104762-001-003_57_CTATGCGT-TGATATTC_L001
79,0.02,1000,1000,S,2545480,Cragig virus 10,H7NKYDSX3_104762-001-003_57_CTATGCGT-TGATATTC_L001
80,0.02,1000,1000,S,2021917,Millport beadlet anemone dicistro-like virus 1,H7NKYDSX3_104762-001-003_57_CTATGCGT-TGATATTC_L001
81,0.02,1000,1000,S,1955787,Viltain virus,H7NKYDSX3_104762-001-003_57_CTATGCGT-TGATATTC_L001
82,0.03,2000,2000,S,1807813,Newington virus,H7NKYDSX3_104762-001-003_57_CTATGCGT-TGATATTC_L001
30,0.26,18000,18000,S,186617,uncultured marine virus,HCFKNDSX3_104762-001-002_14_CGTTACCA-TAGCGTTC_L004
31,0.12,8000,8000,S,2202644,Microviridae sp.,HCFKNDSX3_104762-001-002_14_CGTTACCA-TAGCGTTC_L004
32,0.07,5000,5000,S,748192,uncultured densovirus,HCFKNDSX3_104762-001-002_14_CGTTACCA-TAGCGTTC_L004
33,0.09,6000,6000,S,11978,Feline calicivirus,HCFKNDSX3_104762-001-002_14_CGTTACCA-TAGCGTTC_L004
34,0.07,5000,5000,S,239364,uncultured human fecal virus,HCFKNDSX3_104762-001-002_14_CGTTACCA-TAGCGTTC_L004
35,0.03,2000,2000,S,2591644,Prokaryotic dsDNA virus sp.,HCFKNDSX3_104762-001-002_14_CGTTACCA-TAGCGTTC_L004
36,0.03,2000,2000,S,1982247,Nonlabens virus P12024L,HCFKNDSX3_104762-001-002_14_CGTTACCA-TAGCGTTC_L004
37,0.03,2000,2000,S,3050506,Ulva CRESS virus 2,HCFKNDSX3_104762-001-002_14_CGTTACCA-TAGCGTTC_L004
38,0.03,2000,2000,S,2832173,Mute swan feces associated noda-like virus 1,HCFKNDSX3_104762-001-002_14_CGTTACCA-TAGCGTTC_L004
39,0.03,2000,2000,S,2021912,Barns Ness breadcrumb sponge hepe-like virus 2,HCFKNDSX3_104762-001-002_14_CGTTACCA-TAGCGTTC_L004
40,0.03,2000,2000,S,1954248,Circoviridae sp.,HCFKNDSX3_104762-001-002_14_CGTTACCA-TAGCGTTC_L004
41,0.03,2000,2000,S,2030127,Densovirinae sp.,HCFKNDSX3_104762-001-002_14_CGTTACCA-TAGCGTTC_L004
42,0.03,2000,2000,S,340016,uncultured virus,HCFKNDSX3_104762-001-002_14_CGTTACCA-TAGCGTTC_L004
43,0.03,2000,2000,S,186617,uncultured marine virus,HCFKNDSX3_104762-001-002_14_CGTTACCA-TAGCGTTC_L004
44,0.01,1000,1000,S,2859291,Vibrio phage 172P1,HCFKNDSX3_104762-001-002_14_CGTTACCA-TAGCGTTC_L004
45,0.01,1000,1000,S,1881440,Vibrio phage 1.225.O._10N.261.48.B7,HCFKNDSX3_104762-001-002_14_CGTTACCA-TAGCGTTC_L004
46,0.01,1000,1000,S,10678,Escherichia virus P1,HCFKNDSX3_104762-001-002_14_CGTTACCA-TAGCGTTC_L004
47,0.01,1000,1000,S,2202563,CRESS virus sp.,HCFKNDSX3_104762-001-002_14_CGTTACCA-TAGCGTTC_L004
48,0.03,2000,2000,S,2560376,Chaetarnavirus 2,HCFKNDSX3_104762-001-002_14_CGTTACCA-TAGCGTTC_L004
49,0.01,1000,1000,S,2945965,phage 023Pt_psg01,HCFKNDSX3_104762-001-002_14_CGTTACCA-TAGCGTTC_L004
50,0.01,1000,1000,S,2832195,Mute swan feces associated picorna-like virus 21,HCFKNDSX3_104762-001-002_14_CGTTACCA-TAGCGTTC_L004
51,0.01,1000,1000,S,2904757,Strongylocentrotus intermedius associated picornavirus 1,HCFKNDSX3_104762-001-002_14_CGTTACCA-TAGCGTTC_L004
52,0.01,1000,1000,S,1407671,uncultured Mediterranean phage uvMED,HCFKNDSX3_104762-001-002_14_CGTTACCA-TAGCGTTC_L004
15,0.24,9000,9000,S,186617,uncultured marine virus,HCFKNDSX3_104762-001-002_57_ATTATCAA-GAGAGTCG_L004
16,0.21,8000,8000,S,2202644,Microviridae sp.,HCFKNDSX3_104762-001-002_57_ATTATCAA-GAGAGTCG_L004
17,0.16,6000,6000,S,2832195,Mute swan feces associated picorna-like virus 21,HCFKNDSX3_104762-001-002_57_ATTATCAA-GAGAGTCG_L004
18,0.13,5000,5000,S,11978,Feline calicivirus,HCFKNDSX3_104762-001-002_57_ATTATCAA-GAGAGTCG_L004
19,0.16,6000,6000,S,239364,uncultured human fecal virus,HCFKNDSX3_104762-001-002_57_ATTATCAA-GAGAGTCG_L004
20,0.03,1000,1000,S,1922583,Beihai picorna-like virus 4,HCFKNDSX3_104762-001-002_57_ATTATCAA-GAGAGTCG_L004
21,0.03,1000,1000,S,2202563,CRESS virus sp.,HCFKNDSX3_104762-001-002_57_ATTATCAA-GAGAGTCG_L004
22,0.03,1000,1000,S,748192,uncultured densovirus,HCFKNDSX3_104762-001-002_57_ATTATCAA-GAGAGTCG_L004
23,0.08,3000,3000,S,38018,Bacteriophage sp.,HCFKNDSX3_104762-001-002_57_ATTATCAA-GAGAGTCG_L004
24,0.03,1000,1000,S,1737588,Megaviridae environmental sample,HCFKNDSX3_104762-001-002_57_ATTATCAA-GAGAGTCG_L004
25,0.03,1000,1000,S,2030127,Densovirinae sp.,HCFKNDSX3_104762-001-002_57_ATTATCAA-GAGAGTCG_L004
26,0.03,1000,1000,S,2021912,Barns Ness breadcrumb sponge hepe-like virus 2,HCFKNDSX3_104762-001-002_57_ATTATCAA-GAGAGTCG_L004
27,0.03,1000,1000,S,340016,uncultured virus,HCFKNDSX3_104762-001-002_57_ATTATCAA-GAGAGTCG_L004
28,0.03,1000,1000,S,186617,uncultured marine virus,HCFKNDSX3_104762-001-002_57_ATTATCAA-GAGAGTCG_L004
29,0.03,1000,1000,S,40051,Bluetongue virus,HCFKNDSX3_104762-001-002_57_ATTATCAA-GAGAGTCG_L004
26,1.35,101000,101000,S,186617,uncultured marine virus,HCFKNDSX3_104762-001-002_63_TCGCTAGA-GCAGTACT_L004
27,0.15,11000,11000,S,3048297,Cripavirus ropadi,HCFKNDSX3_104762-001-002_63_TCGCTAGA-GCAGTACT_L004
28,0.08,6000,6000,S,2832195,Mute swan feces associated picorna-like virus 21,HCFKNDSX3_104762-001-002_63_TCGCTAGA-GCAGTACT_L004
29,0.11,7999,7999,S,2202644,Microviridae sp.,HCFKNDSX3_104762-001-002_63_TCGCTAGA-GCAGTACT_L004
30,0.05,4000,4000,S,11978,Feline calicivirus,HCFKNDSX3_104762-001-002_63_TCGCTAGA-GCAGTACT_L004
31,0.05,4000,4000,S,3047369,Cripavirus mortiferum,HCFKNDSX3_104762-001-002_63_TCGCTAGA-GCAGTACT_L004
32,0.05,4000,4000,S,186617,uncultured marine virus,HCFKNDSX3_104762-001-002_63_TCGCTAGA-GCAGTACT_L004
33,0.07,5000,5000,S,38018,Bacteriophage sp.,HCFKNDSX3_104762-001-002_63_TCGCTAGA-GCAGTACT_L004
34,0.04,3000,3000,S,1407671,uncultured Mediterranean phage uvMED,HCFKNDSX3_104762-001-002_63_TCGCTAGA-GCAGTACT_L004
35,0.07,5000,5000,S,1881416,Vibrio phage 1.021.B._10N.222.51.F9,HCFKNDSX3_104762-001-002_63_TCGCTAGA-GCAGTACT_L004
36,0.03,2000,2000,S,239364,uncultured human fecal virus,HCFKNDSX3_104762-001-002_63_TCGCTAGA-GCAGTACT_L004
37,0.03,2000,2000,S,3050506,Ulva CRESS virus 2,HCFKNDSX3_104762-001-002_63_TCGCTAGA-GCAGTACT_L004
38,0.03,2000,2000,S,3032256,Roseobacter phage CRP-901,HCFKNDSX3_104762-001-002_63_TCGCTAGA-GCAGTACT_L004
39,0.03,2000,2000,S,2021912,Barns Ness breadcrumb sponge hepe-like virus 2,HCFKNDSX3_104762-001-002_63_TCGCTAGA-GCAGTACT_L004
40,0.01,1000,1000,S,1881441,Vibrio phage 1.247.A._10N.261.54.E12,HCFKNDSX3_104762-001-002_63_TCGCTAGA-GCAGTACT_L004
41,0.01,1000,1000,S,2560308,Astarnavirus,HCFKNDSX3_104762-001-002_63_TCGCTAGA-GCAGTACT_L004
42,0.01,1000,1000,S,340016,uncultured virus,HCFKNDSX3_104762-001-002_63_TCGCTAGA-GCAGTACT_L004
43,0.01,1000,1000,S,1922583,Beihai picorna-like virus 4,HCFKNDSX3_104762-001-002_63_TCGCTAGA-GCAGTACT_L004
44,0.01,1000,1000,S,1922725,Beihai tombus-like virus 4,HCFKNDSX3_104762-001-002_63_TCGCTAGA-GCAGTACT_L004
45,0.01,1000,1000,S,2686457,Pelagibacter phage HTVC027P,HCFKNDSX3_104762-001-002_63_TCGCTAGA-GCAGTACT_L004
46,0.01,1000,1000,S,1407671,uncultured Mediterranean phage uvMED,HCFKNDSX3_104762-001-002_63_TCGCTAGA-GCAGTACT_L004
47,0.01,1000,1000,S,743540,uncultured phage MedDCM-OCT-S04-C136,HCFKNDSX3_104762-001-002_63_TCGCTAGA-GCAGTACT_L004
48,0.01,1000,1000,S,2694781,Marine virus AFVG_25M83,HCFKNDSX3_104762-001-002_63_TCGCTAGA-GCAGTACT_L004
49,0.01,1000,1000,S,1881432,Vibrio phage 1.179.O._10N.286.45.F12,HCFKNDSX3_104762-001-002_63_TCGCTAGA-GCAGTACT_L004
50,0.01,1000,1000,S,1913111,Pseudoalteromonas phage PHS3,HCFKNDSX3_104762-001-002_63_TCGCTAGA-GCAGTACT_L004
51,0.01,1000,1000,S,2832236,Mute swan feces associated ambidensovirus 5,HCFKNDSX3_104762-001-002_63_TCGCTAGA-GCAGTACT_L004
52,0.01,1000,1000,S,2832173,Mute swan feces associated noda-like virus 1,HCFKNDSX3_104762-001-002_63_TCGCTAGA-GCAGTACT_L004
53,0.01,1000,1000,S,1737588,Megaviridae environmental sample,HCFKNDSX3_104762-001-002_63_TCGCTAGA-GCAGTACT_L004
54,0.01,1000,1000,S,2545477,Cragig virus 6,HCFKNDSX3_104762-001-002_63_TCGCTAGA-GCAGTACT_L004
55,0.01,1000,1000,S,340016,uncultured virus,HCFKNDSX3_104762-001-002_63_TCGCTAGA-GCAGTACT_L004
56,0.01,1000,1000,S,1169626,Densovirus SC116,HCFKNDSX3_104762-001-002_63_TCGCTAGA-GCAGTACT_L004
66,0.39,45000,45000,S,186617,uncultured marine virus,H7NKYDSX3_104762-001-003_06_CCAGTTAG-ATGACAGG_L001
67,0.28,31999,31999,S,2202644,Microviridae sp.,H7NKYDSX3_104762-001-003_06_CCAGTTAG-ATGACAGG_L001
68,0.14,16000,16000,S,239364,uncultured human fecal virus,H7NKYDSX3_104762-001-003_06_CCAGTTAG-ATGACAGG_L001
69,0.09,10000,10000,S,2859334,Vibrio phage 51E28.1,H7NKYDSX3_104762-001-003_06_CCAGTTAG-ATGACAGG_L001
70,0.14,16000,16000,S,1954248,Circoviridae sp.,H7NKYDSX3_104762-001-003_06_CCAGTTAG-ATGACAGG_L001
71,0.08,9000,9000,S,2202563,CRESS virus sp.,H7NKYDSX3_104762-001-003_06_CCAGTTAG-ATGACAGG_L001
72,0.06,7000,7000,S,2859353,Vibrio phage PS14A.1,H7NKYDSX3_104762-001-003_06_CCAGTTAG-ATGACAGG_L001
73,0.43,48999,48999,S,2560308,Astarnavirus,H7NKYDSX3_104762-001-003_06_CCAGTTAG-ATGACAGG_L001
74,0.05,6000,6000,S,2016021,Picornavirales N_OV_011,H7NKYDSX3_104762-001-003_06_CCAGTTAG-ATGACAGG_L001
75,0.04,5000,5000,S,3048297,Cripavirus ropadi,H7NKYDSX3_104762-001-003_06_CCAGTTAG-ATGACAGG_L001
76,0.04,5000,5000,S,2021913,Barns Ness breadcrumb sponge hepe-like virus 3,H7NKYDSX3_104762-001-003_06_CCAGTTAG-ATGACAGG_L001
77,0.04,4999,4999,S,186617,uncultured marine virus,H7NKYDSX3_104762-001-003_06_CCAGTTAG-ATGACAGG_L001
78,0.03,4000,4000,S,43761,Barfin flounder nervous necrosis virus,H7NKYDSX3_104762-001-003_06_CCAGTTAG-ATGACAGG_L001
79,0.03,4000,4000,S,2824374,Sichuan sediment noda-like virus 8,H7NKYDSX3_104762-001-003_06_CCAGTTAG-ATGACAGG_L001
80,0.08,9000,9000,S,11978,Feline calicivirus,H7NKYDSX3_104762-001-003_06_CCAGTTAG-ATGACAGG_L001
81,0.03,3000,3000,S,2859311,Vibrio phage 219E41.1,H7NKYDSX3_104762-001-003_06_CCAGTTAG-ATGACAGG_L001
82,0.03,3000,3000,S,2511037,Gorebridge virus,H7NKYDSX3_104762-001-003_06_CCAGTTAG-ATGACAGG_L001
83,0.02,2000,2000,S,1881441,Vibrio phage 1.247.A._10N.261.54.E12,H7NKYDSX3_104762-001-003_06_CCAGTTAG-ATGACAGG_L001
84,0.02,2000,2000,S,1979848,Ambidensovirus CaaDV1,H7NKYDSX3_104762-001-003_06_CCAGTTAG-ATGACAGG_L001
85,0.02,2000,2000,S,1881418,Vibrio phage 1.022.O._10N.286.45.A10,H7NKYDSX3_104762-001-003_06_CCAGTTAG-ATGACAGG_L001
86,0.02,2000,2000,S,1881432,Vibrio phage 1.179.O._10N.286.45.F12,H7NKYDSX3_104762-001-003_06_CCAGTTAG-ATGACAGG_L001
87,0.02,2000,2000,S,129951,Human mastadenovirus C,H7NKYDSX3_104762-001-003_06_CCAGTTAG-ATGACAGG_L001
88,0.02,2000,2000,S,2945965,phage 023Pt_psg01,H7NKYDSX3_104762-001-003_06_CCAGTTAG-ATGACAGG_L001
89,0.02,2000,2000,S,2034334,Norway luteo-like virus 4,H7NKYDSX3_104762-001-003_06_CCAGTTAG-ATGACAGG_L001
90,0.04,5000,5000,S,2021918,Barns Ness breadcrumb sponge noda-like virus 1,H7NKYDSX3_104762-001-003_06_CCAGTTAG-ATGACAGG_L001
91,0.02,2000,2000,S,1407671,uncultured Mediterranean phage uvMED,H7NKYDSX3_104762-001-003_06_CCAGTTAG-ATGACAGG_L001
92,0.03,3000,3000,S,35297,Striped jack nervous necrosis virus,H7NKYDSX3_104762-001-003_06_CCAGTTAG-ATGACAGG_L001
93,0.02,2000,2000,S,2202954,Circular genetic element sp.,H7NKYDSX3_104762-001-003_06_CCAGTTAG-ATGACAGG_L001
94,0.02,2000,2000,S,340016,uncultured virus,H7NKYDSX3_104762-001-003_06_CCAGTTAG-ATGACAGG_L001
95,0.01,1000,1000,S,2859331,Vibrio phage 431E48.2,H7NKYDSX3_104762-001-003_06_CCAGTTAG-ATGACAGG_L001
96,0.01,1000,1000,S,2727865,Methylophilales phage Venkman EXVC282S,H7NKYDSX3_104762-001-003_06_CCAGTTAG-ATGACAGG_L001
97,0.01,1000,1000,S,160796,Skunkpox virus,H7NKYDSX3_104762-001-003_06_CCAGTTAG-ATGACAGG_L001
98,0.01,1000,1000,S,1923144,Hubei picorna-like virus 61,H7NKYDSX3_104762-001-003_06_CCAGTTAG-ATGACAGG_L001
99,0.01,1000,1000,S,1881320,Vibrio phage 1.091.O._10N.286.52.B12,H7NKYDSX3_104762-001-003_06_CCAGTTAG-ATGACAGG_L001
100,0.01,1000,1000,S,1922583,Beihai picorna-like virus 4,H7NKYDSX3_104762-001-003_06_CCAGTTAG-ATGACAGG_L001
101,0.01,1000,1000,S,1177763,Omegapapillomavirus 1,H7NKYDSX3_104762-001-003_06_CCAGTTAG-ATGACAGG_L001
102,0.01,1000,1000,S,1385658,Marine gokushovirus,H7NKYDSX3_104762-001-003_06_CCAGTTAG-ATGACAGG_L001
103,0.01,1000,1000,S,1881324,Vibrio phage 1.104.O._10N.286.49.A12,H7NKYDSX3_104762-001-003_06_CCAGTTAG-ATGACAGG_L001
104,0.01,1000,1000,S,1881422,Vibrio phage 1.032.O._10N.261.54.F5,H7NKYDSX3_104762-001-003_06_CCAGTTAG-ATGACAGG_L001
105,0.01,1000,1000,S,3052099,Dipteran brevihamaparvovirus 2,H7NKYDSX3_104762-001-003_06_CCAGTTAG-ATGACAGG_L001
106,0.01,1000,1000,S,1868666,uncultured Mediterranean phage uvDeep-CGR1-KM17-C101,H7NKYDSX3_104762-001-003_06_CCAGTTAG-ATGACAGG_L001
107,0.01,1000,1000,S,573176,Vibrio phage jenny 12G5,H7NKYDSX3_104762-001-003_06_CCAGTTAG-ATGACAGG_L001
108,0.01,1000,1000,S,11978,Feline calicivirus,H7NKYDSX3_104762-001-003_06_CCAGTTAG-ATGACAGG_L001
109,0.01,1000,1000,S,1922835,Hubei arthropod virus 1,H7NKYDSX3_104762-001-003_06_CCAGTTAG-ATGACAGG_L001
110,0.01,1000,1000,S,43763,Redspotted grouper nervous necrosis virus,H7NKYDSX3_104762-001-003_06_CCAGTTAG-ATGACAGG_L001
111,0.01,1000,1000,S,340016,uncultured virus,H7NKYDSX3_104762-001-003_06_CCAGTTAG-ATGACAGG_L001
112,0.01,1000,1000,S,2859304,Vibrio phage 14E30.2,H7NKYDSX3_104762-001-003_06_CCAGTTAG-ATGACAGG_L001
113,0.01,1000,1000,S,35297,Striped jack nervous necrosis virus,H7NKYDSX3_104762-001-003_06_CCAGTTAG-ATGACAGG_L001
114,0.01,1000,1000,S,2859320,Vibrio phage 264E42.1,H7NKYDSX3_104762-001-003_06_CCAGTTAG-ATGACAGG_L001
115,0.01,1000,1000,S,2859319,Vibrio phage 252E42.2,H7NKYDSX3_104762-001-003_06_CCAGTTAG-ATGACAGG_L001
116,0.02,2000,2000,S,278008,uncultured phage,H7NKYDSX3_104762-001-003_06_CCAGTTAG-ATGACAGG_L001
117,0.01,1000,1000,S,1881451,Vibrio phage 1.205.O._10N.222.51.A7,H7NKYDSX3_104762-001-003_06_CCAGTTAG-ATGACAGG_L001
118,0.02,2000,2000,S,11976,Rabbit hemorrhagic disease virus,H7NKYDSX3_104762-001-003_06_CCAGTTAG-ATGACAGG_L001
119,0.01,1000,1000,S,3032256,Roseobacter phage CRP-901,H7NKYDSX3_104762-001-003_06_CCAGTTAG-ATGACAGG_L001
120,0.01,1000,1000,S,3047369,Cripavirus mortiferum,H7NKYDSX3_104762-001-003_06_CCAGTTAG-ATGACAGG_L001
121,0.01,1000,1000,S,2202644,Microviridae sp.,H7NKYDSX3_104762-001-003_06_CCAGTTAG-ATGACAGG_L001
122,0.01,1000,1000,S,1883111,Bocaparvovirus sp.,H7NKYDSX3_104762-001-003_06_CCAGTTAG-ATGACAGG_L001
123,0.01,1000,1000,S,1954248,Circoviridae sp.,H7NKYDSX3_104762-001-003_06_CCAGTTAG-ATGACAGG_L001
124,0.03,4000,4000,S,2932679,Scallop picorna-like virus 1,H7NKYDSX3_104762-001-003_06_CCAGTTAG-ATGACAGG_L001
125,0.01,1000,1000,S,2963176,Vibrio phage 199E37-1,H7NKYDSX3_104762-001-003_06_CCAGTTAG-ATGACAGG_L001
126,0.01,1000,1000,S,2963181,Vibrio phage 237E40-1,H7NKYDSX3_104762-001-003_06_CCAGTTAG-ATGACAGG_L001
127,0.01,1000,1000,S,2832236,Mute swan feces associated ambidensovirus 5,H7NKYDSX3_104762-001-003_06_CCAGTTAG-ATGACAGG_L001
128,0.01,1000,1000,S,2832179,Mute swan feces associated noda-like virus 7,H7NKYDSX3_104762-001-003_06_CCAGTTAG-ATGACAGG_L001
129,0.01,1000,1000,S,1955153,Picornavirales sp.,H7NKYDSX3_104762-001-003_06_CCAGTTAG-ATGACAGG_L001
130,0.01,1000,1000,S,1955165,Luteoviridae sp.,H7NKYDSX3_104762-001-003_06_CCAGTTAG-ATGACAGG_L001
131,0.01,1000,1000,S,2585031,Riboviria sp.,H7NKYDSX3_104762-001-003_06_CCAGTTAG-ATGACAGG_L001
132,0.01,1000,1000,S,1737588,Megaviridae environmental sample,H7NKYDSX3_104762-001-003_06_CCAGTTAG-ATGACAGG_L001
133,0.01,1000,1000,S,2480181,Mytedu virus 1,H7NKYDSX3_104762-001-003_06_CCAGTTAG-ATGACAGG_L001
134,0.01,1000,1000,S,2021917,Millport beadlet anemone dicistro-like virus 1,H7NKYDSX3_104762-001-003_06_CCAGTTAG-ATGACAGG_L001
135,0.01,1000,1000,S,1807813,Newington virus,H7NKYDSX3_104762-001-003_06_CCAGTTAG-ATGACAGG_L001
136,0.01,1000,1000,S,2709239,Fur seal circovirus,H7NKYDSX3_104762-001-003_06_CCAGTTAG-ATGACAGG_L001
137,0.01,1000,1000,S,3048188,Alphabaculovirus lydisparis,H7NKYDSX3_104762-001-003_06_CCAGTTAG-ATGACAGG_L001
138,0.1,11000,11000,S,1111988,Watercress white vein virus,H7NKYDSX3_104762-001-003_06_CCAGTTAG-ATGACAGG_L001
139,0.02,2000,2000,S,1169626,Densovirus SC116,H7NKYDSX3_104762-001-003_06_CCAGTTAG-ATGACAGG_L001
70,0.88,154999,154999,S,186617,uncultured marine virus,HCFKNDSX3_104762-001-002_12_GAACCTAG-AATACCAG_L004
71,0.1,16999,16999,S,2202954,Circular genetic element sp.,HCFKNDSX3_104762-001-002_12_GAACCTAG-AATACCAG_L004
72,0.08,13999,13999,S,2202644,Microviridae sp.,HCFKNDSX3_104762-001-002_12_GAACCTAG-AATACCAG_L004
73,0.06,11000,11000,S,43761,Barfin flounder nervous necrosis virus,HCFKNDSX3_104762-001-002_12_GAACCTAG-AATACCAG_L004
74,0.03,6000,6000,S,2859353,Vibrio phage PS14A.1,HCFKNDSX3_104762-001-002_12_GAACCTAG-AATACCAG_L004
75,0.05,8000,8000,S,2100421,uncultured Caudovirales phage,HCFKNDSX3_104762-001-002_12_GAACCTAG-AATACCAG_L004
76,0.04,7000,7000,S,3048297,Cripavirus ropadi,HCFKNDSX3_104762-001-002_12_GAACCTAG-AATACCAG_L004
77,0.06,10999,10999,S,2202563,CRESS virus sp.,HCFKNDSX3_104762-001-002_12_GAACCTAG-AATACCAG_L004
78,0.03,5999,5999,S,38018,Bacteriophage sp.,HCFKNDSX3_104762-001-002_12_GAACCTAG-AATACCAG_L004
79,0.03,5000,5000,S,1407671,uncultured Mediterranean phage uvMED,HCFKNDSX3_104762-001-002_12_GAACCTAG-AATACCAG_L004
80,0.02,4000,4000,S,748192,uncultured densovirus,HCFKNDSX3_104762-001-002_12_GAACCTAG-AATACCAG_L004
81,0.02,4000,4000,S,2824374,Sichuan sediment noda-like virus 8,HCFKNDSX3_104762-001-002_12_GAACCTAG-AATACCAG_L004
82,0.08,14000,14000,S,11978,Feline calicivirus,HCFKNDSX3_104762-001-002_12_GAACCTAG-AATACCAG_L004
83,0.02,4000,4000,S,2591644,Prokaryotic dsDNA virus sp.,HCFKNDSX3_104762-001-002_12_GAACCTAG-AATACCAG_L004
84,0.03,5000,5000,S,1954248,Circoviridae sp.,HCFKNDSX3_104762-001-002_12_GAACCTAG-AATACCAG_L004
85,0.02,3000,3000,S,1923144,Hubei picorna-like virus 61,HCFKNDSX3_104762-001-002_12_GAACCTAG-AATACCAG_L004
86,0.02,3000,3000,S,1881320,Vibrio phage 1.091.O._10N.286.52.B12,HCFKNDSX3_104762-001-002_12_GAACCTAG-AATACCAG_L004
87,0.02,4000,4000,S,1128073,Meles meles circovirus-like virus,HCFKNDSX3_104762-001-002_12_GAACCTAG-AATACCAG_L004
88,0.02,3000,3000,S,1636200,Pseudoalteromonas phage H103,HCFKNDSX3_104762-001-002_12_GAACCTAG-AATACCAG_L004
89,0.02,4000,4000,S,1881399,Vibrio phage 1.093.O._10N.286.55.E10,HCFKNDSX3_104762-001-002_12_GAACCTAG-AATACCAG_L004
90,0.02,4000,4000,S,2859320,Vibrio phage 264E42.1,HCFKNDSX3_104762-001-002_12_GAACCTAG-AATACCAG_L004
91,0.02,3000,3000,S,239364,uncultured human fecal virus,HCFKNDSX3_104762-001-002_12_GAACCTAG-AATACCAG_L004
92,0.02,3000,3000,S,3037703,Vibrio phage vB_VhaS_MAG7,HCFKNDSX3_104762-001-002_12_GAACCTAG-AATACCAG_L004
93,0.02,3000,3000,S,119910,Ryegrass mottle virus,HCFKNDSX3_104762-001-002_12_GAACCTAG-AATACCAG_L004
94,0.11,20000,20000,S,1111988,Watercress white vein virus,HCFKNDSX3_104762-001-002_12_GAACCTAG-AATACCAG_L004
95,0.01,2000,2000,S,1407671,uncultured Mediterranean phage uvMED,HCFKNDSX3_104762-001-002_12_GAACCTAG-AATACCAG_L004
96,0.01,2000,2000,S,1881416,Vibrio phage 1.021.B._10N.222.51.F9,HCFKNDSX3_104762-001-002_12_GAACCTAG-AATACCAG_L004
97,0.01,2000,2000,S,2202565,Genomoviridae sp.,HCFKNDSX3_104762-001-002_12_GAACCTAG-AATACCAG_L004
98,0.01,2000,2000,S,1511892,Adeno-associated dependoparvovirus B,HCFKNDSX3_104762-001-002_12_GAACCTAG-AATACCAG_L004
99,0.01,2000,2000,S,1881447,Vibrio phage 1.264.O._10N.286.51.F2,HCFKNDSX3_104762-001-002_12_GAACCTAG-AATACCAG_L004
100,0.01,2000,2000,S,1982247,Nonlabens virus P12024L,HCFKNDSX3_104762-001-002_12_GAACCTAG-AATACCAG_L004
101,0.01,2000,2000,S,1838154,Freshwater phage uvFW-CGR-AMD-COM-C440,HCFKNDSX3_104762-001-002_12_GAACCTAG-AATACCAG_L004
102,0.01,2000,2000,S,1881256,Vibrio phage 1.197.A._10N.286.54.F2,HCFKNDSX3_104762-001-002_12_GAACCTAG-AATACCAG_L004
103,0.01,2000,2000,S,11983,Norwalk virus,HCFKNDSX3_104762-001-002_12_GAACCTAG-AATACCAG_L004
104,0.01,2000,2000,S,129951,Human mastadenovirus C,HCFKNDSX3_104762-001-002_12_GAACCTAG-AATACCAG_L004
105,0.02,3000,3000,S,2940903,Flumine parvovirus 20,HCFKNDSX3_104762-001-002_12_GAACCTAG-AATACCAG_L004
106,0.01,2000,2000,S,2904757,Strongylocentrotus intermedius associated picornavirus 1,HCFKNDSX3_104762-001-002_12_GAACCTAG-AATACCAG_L004
107,0.01,2000,2000,S,2511037,Gorebridge virus,HCFKNDSX3_104762-001-002_12_GAACCTAG-AATACCAG_L004
108,0.01,2000,2000,S,2034334,Norway luteo-like virus 4,HCFKNDSX3_104762-001-002_12_GAACCTAG-AATACCAG_L004
109,0.01,2000,2000,S,2021887,Barns Ness breadcrumb sponge weivirus-like virus 1,HCFKNDSX3_104762-001-002_12_GAACCTAG-AATACCAG_L004
110,0.01,2000,2000,S,340016,uncultured virus,HCFKNDSX3_104762-001-002_12_GAACCTAG-AATACCAG_L004
111,0.02,3000,3000,S,340016,uncultured virus,HCFKNDSX3_104762-001-002_12_GAACCTAG-AATACCAG_L004
112,0.01,1000,1000,S,1881441,Vibrio phage 1.247.A._10N.261.54.E12,HCFKNDSX3_104762-001-002_12_GAACCTAG-AATACCAG_L004
113,0.01,1000,1000,S,2859358,Vibrio phage PS25B.1,HCFKNDSX3_104762-001-002_12_GAACCTAG-AATACCAG_L004
114,0.01,1000,1000,S,2859331,Vibrio phage 431E48.2,HCFKNDSX3_104762-001-002_12_GAACCTAG-AATACCAG_L004
115,0.01,1000,1000,S,2692957,Marine virus AFVG_117M42,HCFKNDSX3_104762-001-002_12_GAACCTAG-AATACCAG_L004
116,0.01,1000,1000,S,2202649,Virus sp.,HCFKNDSX3_104762-001-002_12_GAACCTAG-AATACCAG_L004
117,0.01,1000,1000,S,2859355,Vibrio phage PS15B.3,HCFKNDSX3_104762-001-002_12_GAACCTAG-AATACCAG_L004
118,0.01,1000,1000,S,2693046,Marine virus AFVG_250M1027,HCFKNDSX3_104762-001-002_12_GAACCTAG-AATACCAG_L004
119,0.01,1000,1000,S,925984,Erwinia phage phiEt88,HCFKNDSX3_104762-001-002_12_GAACCTAG-AATACCAG_L004
120,0.01,1000,1000,S,1177763,Omegapapillomavirus 1,HCFKNDSX3_104762-001-002_12_GAACCTAG-AATACCAG_L004
121,0.01,1000,1000,S,1385658,Marine gokushovirus,HCFKNDSX3_104762-001-002_12_GAACCTAG-AATACCAG_L004
122,0.01,1000,1000,S,2693434,Marine virus AFVG_250M290,HCFKNDSX3_104762-001-002_12_GAACCTAG-AATACCAG_L004
123,0.01,1000,1000,S,1881298,Vibrio phage 1.038.O._10N.286.51.C2,HCFKNDSX3_104762-001-002_12_GAACCTAG-AATACCAG_L004
124,0.01,2000,2000,S,1868666,uncultured Mediterranean phage uvDeep-CGR1-KM17-C101,HCFKNDSX3_104762-001-002_12_GAACCTAG-AATACCAG_L004
125,0.01,1000,1000,S,573176,Vibrio phage jenny 12G5,HCFKNDSX3_104762-001-002_12_GAACCTAG-AATACCAG_L004
126,0.01,1000,1000,S,2694786,Marine virus AFVG_25M88,HCFKNDSX3_104762-001-002_12_GAACCTAG-AATACCAG_L004
127,0.01,2000,2000,S,1922835,Hubei arthropod virus 1,HCFKNDSX3_104762-001-002_12_GAACCTAG-AATACCAG_L004
128,0.01,1000,1000,S,1921123,Salmonella virus 9NA,HCFKNDSX3_104762-001-002_12_GAACCTAG-AATACCAG_L004
129,0.01,1000,1000,S,2859334,Vibrio phage 51E28.1,HCFKNDSX3_104762-001-002_12_GAACCTAG-AATACCAG_L004
130,0.01,1000,1000,S,95342,Sapporo virus,HCFKNDSX3_104762-001-002_12_GAACCTAG-AATACCAG_L004
131,0.01,1000,1000,S,1881392,Vibrio phage 1.185.O._10N.286.49.C2,HCFKNDSX3_104762-001-002_12_GAACCTAG-AATACCAG_L004
132,0.01,1000,1000,S,1979848,Ambidensovirus CaaDV1,HCFKNDSX3_104762-001-002_12_GAACCTAG-AATACCAG_L004
133,0.01,1000,1000,S,1283077,Pelagibacter phage HTVC010P,HCFKNDSX3_104762-001-002_12_GAACCTAG-AATACCAG_L004
134,0.01,1000,1000,S,743540,uncultured phage MedDCM-OCT-S04-C136,HCFKNDSX3_104762-001-002_12_GAACCTAG-AATACCAG_L004
135,0.01,1000,1000,S,1868686,uncultured Mediterranean phage uvDeep-CGR2-KM24-C165,HCFKNDSX3_104762-001-002_12_GAACCTAG-AATACCAG_L004
136,0.01,1000,1000,S,1907771,Parus major densovirus,HCFKNDSX3_104762-001-002_12_GAACCTAG-AATACCAG_L004
137,0.01,1000,1000,S,1881356,Vibrio phage 1.254.O._10N.286.45.C8,HCFKNDSX3_104762-001-002_12_GAACCTAG-AATACCAG_L004
138,0.01,1000,1000,S,1977633,Indivirus ILV1,HCFKNDSX3_104762-001-002_12_GAACCTAG-AATACCAG_L004
139,0.01,1000,1000,S,1881432,Vibrio phage 1.179.O._10N.286.45.F12,HCFKNDSX3_104762-001-002_12_GAACCTAG-AATACCAG_L004
140,0.01,1000,1000,S,2100421,uncultured Caudovirales phage,HCFKNDSX3_104762-001-002_12_GAACCTAG-AATACCAG_L004
141,0.02,3000,3000,S,3052707,Carnivore protoparvovirus 1,HCFKNDSX3_104762-001-002_12_GAACCTAG-AATACCAG_L004
142,0.01,1000,1000,S,3032256,Roseobacter phage CRP-901,HCFKNDSX3_104762-001-002_12_GAACCTAG-AATACCAG_L004
143,0.01,1000,1000,S,2971105,Pelagibacter phage Skadi-7 EXVC107P,HCFKNDSX3_104762-001-002_12_GAACCTAG-AATACCAG_L004
144,0.01,1000,1000,S,2963176,Vibrio phage 199E37-1,HCFKNDSX3_104762-001-002_12_GAACCTAG-AATACCAG_L004
145,0.01,1000,1000,S,2963170,Vibrio phage 142E35-1,HCFKNDSX3_104762-001-002_12_GAACCTAG-AATACCAG_L004
146,0.01,1000,1000,S,2945965,phage 023Pt_psg01,HCFKNDSX3_104762-001-002_12_GAACCTAG-AATACCAG_L004
147,0.01,1000,1000,S,2832173,Mute swan feces associated noda-like virus 1,HCFKNDSX3_104762-001-002_12_GAACCTAG-AATACCAG_L004
148,0.01,1000,1000,S,2832221,Mute swan feces associated sobemovirus 1,HCFKNDSX3_104762-001-002_12_GAACCTAG-AATACCAG_L004
149,0.01,1000,1000,S,2941368,Flumine sobemo-like virus 39,HCFKNDSX3_104762-001-002_12_GAACCTAG-AATACCAG_L004
150,0.01,1000,1000,S,1955153,Picornavirales sp.,HCFKNDSX3_104762-001-002_12_GAACCTAG-AATACCAG_L004
151,0.01,1000,1000,S,3047369,Cripavirus mortiferum,HCFKNDSX3_104762-001-002_12_GAACCTAG-AATACCAG_L004
152,0.01,1000,1000,S,1955141,Cripavirus sp.,HCFKNDSX3_104762-001-002_12_GAACCTAG-AATACCAG_L004
153,0.01,1000,1000,S,2814956,Turdus pallidus Genomoviridae sp.,HCFKNDSX3_104762-001-002_12_GAACCTAG-AATACCAG_L004
154,0.01,1000,1000,S,95342,Sapporo virus,HCFKNDSX3_104762-001-002_12_GAACCTAG-AATACCAG_L004
155,0.01,1000,1000,S,2814949,Emberiza rustica Genomoviridae sp.,HCFKNDSX3_104762-001-002_12_GAACCTAG-AATACCAG_L004
156,0.01,1000,1000,S,2585031,Riboviria sp.,HCFKNDSX3_104762-001-002_12_GAACCTAG-AATACCAG_L004
157,0.01,1000,1000,S,2763269,Virus NIOZ-UU157,HCFKNDSX3_104762-001-002_12_GAACCTAG-AATACCAG_L004
158,0.01,1000,1000,S,1955166,Nodaviridae sp.,HCFKNDSX3_104762-001-002_12_GAACCTAG-AATACCAG_L004
159,0.01,2000,2000,S,2021952,Caledonia partiti-like virus,HCFKNDSX3_104762-001-002_12_GAACCTAG-AATACCAG_L004
160,0.01,1000,1000,S,2021905,Barns Ness breadcrumb sponge tombus-like virus 4,HCFKNDSX3_104762-001-002_12_GAACCTAG-AATACCAG_L004
161,0.01,1000,1000,S,2021878,Barns Ness breadcrumb sponge aquatic picorna-like virus 2,HCFKNDSX3_104762-001-002_12_GAACCTAG-AATACCAG_L004
162,0.01,1000,1000,S,1955787,Viltain virus,HCFKNDSX3_104762-001-002_12_GAACCTAG-AATACCAG_L004
163,0.01,1000,1000,S,3048438,Tymovirus brassicae,HCFKNDSX3_104762-001-002_12_GAACCTAG-AATACCAG_L004
164,0.01,1000,1000,S,3047852,Nepovirus foliumflabelli,HCFKNDSX3_104762-001-002_12_GAACCTAG-AATACCAG_L004
165,0.01,1000,1000,S,186617,uncultured marine virus,HCFKNDSX3_104762-001-002_12_GAACCTAG-AATACCAG_L004
33,0.55,11000,11000,S,186617,uncultured marine virus,HCFKNDSX3_104762-001-002_47_GAAGGAAG-CCAGGATG_L004
34,0.25,5000,5000,S,11978,Feline calicivirus,HCFKNDSX3_104762-001-002_47_GAAGGAAG-CCAGGATG_L004
35,0.3,6000,6000,S,239364,uncultured human fecal virus,HCFKNDSX3_104762-001-002_47_GAAGGAAG-CCAGGATG_L004
36,0.15,3000,3000,S,2832233,Mute swan feces associated ambidensovirus 2,HCFKNDSX3_104762-001-002_47_GAAGGAAG-CCAGGATG_L004
37,0.15,3000,3000,S,2202644,Microviridae sp.,HCFKNDSX3_104762-001-002_47_GAAGGAAG-CCAGGATG_L004
38,0.1,2000,2000,S,2202563,CRESS virus sp.,HCFKNDSX3_104762-001-002_47_GAAGGAAG-CCAGGATG_L004
39,0.1,2000,2000,S,340016,uncultured virus,HCFKNDSX3_104762-001-002_47_GAAGGAAG-CCAGGATG_L004
40,0.2,4000,4000,S,35297,Striped jack nervous necrosis virus,HCFKNDSX3_104762-001-002_47_GAAGGAAG-CCAGGATG_L004
41,0.05,1000,1000,S,683176,Senegalese sole Iberian betanodavirus,HCFKNDSX3_104762-001-002_47_GAAGGAAG-CCAGGATG_L004
42,0.05,1000,1000,S,2202954,Circular genetic element sp.,HCFKNDSX3_104762-001-002_47_GAAGGAAG-CCAGGATG_L004
43,0.05,1000,1000,S,2100421,uncultured Caudovirales phage,HCFKNDSX3_104762-001-002_47_GAAGGAAG-CCAGGATG_L004
44,0.05,1000,1000,S,1407671,uncultured Mediterranean phage uvMED,HCFKNDSX3_104762-001-002_47_GAAGGAAG-CCAGGATG_L004
45,0.05,1000,1000,S,1977638,Hokovirus HKV1,HCFKNDSX3_104762-001-002_47_GAAGGAAG-CCAGGATG_L004
46,0.05,1000,1000,S,1954248,Circoviridae sp.,HCFKNDSX3_104762-001-002_47_GAAGGAAG-CCAGGATG_L004
47,0.05,1000,1000,S,3032256,Roseobacter phage CRP-901,HCFKNDSX3_104762-001-002_47_GAAGGAAG-CCAGGATG_L004
48,0.1,2000,2000,S,11976,Rabbit hemorrhagic disease virus,HCFKNDSX3_104762-001-002_47_GAAGGAAG-CCAGGATG_L004
49,0.05,1000,1000,S,38018,Bacteriophage sp.,HCFKNDSX3_104762-001-002_47_GAAGGAAG-CCAGGATG_L004
50,0.05,1000,1000,S,2832235,Mute swan feces associated ambidensovirus 4,HCFKNDSX3_104762-001-002_47_GAAGGAAG-CCAGGATG_L004
51,0.15,3000,3000,S,2832236,Mute swan feces associated ambidensovirus 5,HCFKNDSX3_104762-001-002_47_GAAGGAAG-CCAGGATG_L004
52,0.1,2000,2000,S,2832173,Mute swan feces associated noda-like virus 1,HCFKNDSX3_104762-001-002_47_GAAGGAAG-CCAGGATG_L004
53,0.05,1000,1000,S,2940903,Flumine parvovirus 20,HCFKNDSX3_104762-001-002_47_GAAGGAAG-CCAGGATG_L004
54,0.05,1000,1000,S,2021952,Caledonia partiti-like virus,HCFKNDSX3_104762-001-002_47_GAAGGAAG-CCAGGATG_L004
55,0.05,1000,1000,S,1407671,uncultured Mediterranean phage uvMED,HCFKNDSX3_104762-001-002_47_GAAGGAAG-CCAGGATG_L004
56,0.05,1000,1000,S,186617,uncultured marine virus,HCFKNDSX3_104762-001-002_47_GAAGGAAG-CCAGGATG_L004
57,0.05,1000,1000,S,1169626,Densovirus SC116,HCFKNDSX3_104762-001-002_47_GAAGGAAG-CCAGGATG_L004
58,0.15,3000,3000,S,45475,Dicentrarchus labrax encephalitis virus,HCFKNDSX3_104762-001-002_47_GAAGGAAG-CCAGGATG_L004
28,2.76,146000,146000,S,186617,uncultured marine virus,HCFKNDSX3_104762-001-002_44_TTAATCAG-CAGATTGG_L004
29,0.13,7000,7000,S,239364,uncultured human fecal virus,HCFKNDSX3_104762-001-002_44_TTAATCAG-CAGATTGG_L004
30,0.15,8000,8000,S,3047369,Cripavirus mortiferum,HCFKNDSX3_104762-001-002_44_TTAATCAG-CAGATTGG_L004
31,0.09,5000,5000,S,11978,Feline calicivirus,HCFKNDSX3_104762-001-002_44_TTAATCAG-CAGATTGG_L004
32,0.08,4000,4000,S,1407671,uncultured Mediterranean phage uvMED,HCFKNDSX3_104762-001-002_44_TTAATCAG-CAGATTGG_L004
33,0.11,6000,6000,S,2202644,Microviridae sp.,HCFKNDSX3_104762-001-002_44_TTAATCAG-CAGATTGG_L004
34,0.09,5000,5000,S,3032256,Roseobacter phage CRP-901,HCFKNDSX3_104762-001-002_44_TTAATCAG-CAGATTGG_L004
35,0.04,2000,2000,S,2591644,Prokaryotic dsDNA virus sp.,HCFKNDSX3_104762-001-002_44_TTAATCAG-CAGATTGG_L004
36,0.04,2000,2000,S,3050506,Ulva CRESS virus 2,HCFKNDSX3_104762-001-002_44_TTAATCAG-CAGATTGG_L004
37,0.04,2000,2000,S,129951,Human mastadenovirus C,HCFKNDSX3_104762-001-002_44_TTAATCAG-CAGATTGG_L004
38,0.04,2000,2000,S,51680,Ribgrass mosaic virus,HCFKNDSX3_104762-001-002_44_TTAATCAG-CAGATTGG_L004
39,0.04,2000,2000,S,2202954,Circular genetic element sp.,HCFKNDSX3_104762-001-002_44_TTAATCAG-CAGATTGG_L004
40,0.04,2000,2000,S,340016,uncultured virus,HCFKNDSX3_104762-001-002_44_TTAATCAG-CAGATTGG_L004
41,0.02,1000,1000,S,1177763,Omegapapillomavirus 1,HCFKNDSX3_104762-001-002_44_TTAATCAG-CAGATTGG_L004
42,0.02,1000,1000,S,1922725,Beihai tombus-like virus 4,HCFKNDSX3_104762-001-002_44_TTAATCAG-CAGATTGG_L004
43,0.04,2000,2000,S,2202563,CRESS virus sp.,HCFKNDSX3_104762-001-002_44_TTAATCAG-CAGATTGG_L004
44,0.02,1000,1000,S,1881432,Vibrio phage 1.179.O._10N.286.45.F12,HCFKNDSX3_104762-001-002_44_TTAATCAG-CAGATTGG_L004
45,0.02,1000,1000,S,1955144,Dicistroviridae sp.,HCFKNDSX3_104762-001-002_44_TTAATCAG-CAGATTGG_L004
46,0.02,1000,1000,S,2809460,Hepelivirales sp.,HCFKNDSX3_104762-001-002_44_TTAATCAG-CAGATTGG_L004
47,0.04,2000,2000,S,38018,Bacteriophage sp.,HCFKNDSX3_104762-001-002_44_TTAATCAG-CAGATTGG_L004
48,0.02,1000,1000,S,2832173,Mute swan feces associated noda-like virus 1,HCFKNDSX3_104762-001-002_44_TTAATCAG-CAGATTGG_L004
49,0.04,2000,2000,S,2904757,Strongylocentrotus intermedius associated picornavirus 1,HCFKNDSX3_104762-001-002_44_TTAATCAG-CAGATTGG_L004
50,0.02,1000,1000,S,2922802,Carcinus maenas reovirus,HCFKNDSX3_104762-001-002_44_TTAATCAG-CAGATTGG_L004
51,0.02,1000,1000,S,3048297,Cripavirus ropadi,HCFKNDSX3_104762-001-002_44_TTAATCAG-CAGATTGG_L004
52,0.02,1000,1000,S,2030127,Densovirinae sp.,HCFKNDSX3_104762-001-002_44_TTAATCAG-CAGATTGG_L004
53,0.02,1000,1000,S,186617,uncultured marine virus,HCFKNDSX3_104762-001-002_44_TTAATCAG-CAGATTGG_L004
62,2.11,322000,322000,S,186617,uncultured marine virus,H7NKYDSX3_104762-001-003_81_GCCGTCGA-GTGATTAA_L001
63,0.1,16000,16000,S,1407671,uncultured Mediterranean phage uvMED,H7NKYDSX3_104762-001-003_81_GCCGTCGA-GTGATTAA_L001
64,0.09,13000,13000,S,3048297,Cripavirus ropadi,H7NKYDSX3_104762-001-003_81_GCCGTCGA-GTGATTAA_L001
65,0.07,11000,11000,S,95342,Sapporo virus,H7NKYDSX3_104762-001-003_81_GCCGTCGA-GTGATTAA_L001
66,0.06,9000,9000,S,1407671,uncultured Mediterranean phage uvMED,H7NKYDSX3_104762-001-003_81_GCCGTCGA-GTGATTAA_L001
67,0.05,7000,7000,S,2945965,phage 023Pt_psg01,H7NKYDSX3_104762-001-003_81_GCCGTCGA-GTGATTAA_L001
68,0.05,8000,8000,S,2202563,CRESS virus sp.,H7NKYDSX3_104762-001-003_81_GCCGTCGA-GTGATTAA_L001
69,0.05,7000,7000,S,2859353,Vibrio phage PS14A.1,H7NKYDSX3_104762-001-003_81_GCCGTCGA-GTGATTAA_L001
70,0.06,9000,9000,S,2202954,Circular genetic element sp.,H7NKYDSX3_104762-001-003_81_GCCGTCGA-GTGATTAA_L001
71,0.07,10000,10000,S,2727865,Methylophilales phage Venkman EXVC282S,H7NKYDSX3_104762-001-003_81_GCCGTCGA-GTGATTAA_L001
72,0.03,5000,5000,S,2859335,Vibrio phage 51E28.4,H7NKYDSX3_104762-001-003_81_GCCGTCGA-GTGATTAA_L001
73,0.04,6000,6000,S,3047369,Cripavirus mortiferum,H7NKYDSX3_104762-001-003_81_GCCGTCGA-GTGATTAA_L001
74,0.03,5000,5000,S,1881432,Vibrio phage 1.179.O._10N.286.45.F12,H7NKYDSX3_104762-001-003_81_GCCGTCGA-GTGATTAA_L001
75,0.03,4000,4000,S,2824374,Sichuan sediment noda-like virus 8,H7NKYDSX3_104762-001-003_81_GCCGTCGA-GTGATTAA_L001
76,0.09,13000,13000,S,11978,Feline calicivirus,H7NKYDSX3_104762-001-003_81_GCCGTCGA-GTGATTAA_L001
77,0.16,25000,25000,S,1111988,Watercress white vein virus,H7NKYDSX3_104762-001-003_81_GCCGTCGA-GTGATTAA_L001
78,0.03,4000,4000,S,1955153,Picornavirales sp.,H7NKYDSX3_104762-001-003_81_GCCGTCGA-GTGATTAA_L001
79,0.03,4000,4000,S,3047374,Nepovirus arabis,H7NKYDSX3_104762-001-003_81_GCCGTCGA-GTGATTAA_L001
80,0.05,7000,7000,S,38018,Bacteriophage sp.,H7NKYDSX3_104762-001-003_81_GCCGTCGA-GTGATTAA_L001
81,0.02,3000,3000,S,1881330,Vibrio phage 1.112.O._10N.286.46.B11,H7NKYDSX3_104762-001-003_81_GCCGTCGA-GTGATTAA_L001
82,0.02,3000,3000,S,3032256,Roseobacter phage CRP-901,H7NKYDSX3_104762-001-003_81_GCCGTCGA-GTGATTAA_L001
83,0.02,3000,3000,S,1923144,Hubei picorna-like virus 61,H7NKYDSX3_104762-001-003_81_GCCGTCGA-GTGATTAA_L001
84,0.03,4000,4000,S,2034334,Norway luteo-like virus 4,H7NKYDSX3_104762-001-003_81_GCCGTCGA-GTGATTAA_L001
85,0.04,6000,6000,S,2202644,Microviridae sp.,H7NKYDSX3_104762-001-003_81_GCCGTCGA-GTGATTAA_L001
86,0.03,5000,5000,S,340016,uncultured virus,H7NKYDSX3_104762-001-003_81_GCCGTCGA-GTGATTAA_L001
87,0.02,3000,3000,S,11976,Rabbit hemorrhagic disease virus,H7NKYDSX3_104762-001-003_81_GCCGTCGA-GTGATTAA_L001
88,0.02,3000,3000,S,40979,Cocksfoot mottle virus,H7NKYDSX3_104762-001-003_81_GCCGTCGA-GTGATTAA_L001
89,0.01,2000,2000,S,2859319,Vibrio phage 252E42.2,H7NKYDSX3_104762-001-003_81_GCCGTCGA-GTGATTAA_L001
90,0.01,2000,2000,S,239364,uncultured human fecal virus,H7NKYDSX3_104762-001-003_81_GCCGTCGA-GTGATTAA_L001
91,0.01,2000,2000,S,1881451,Vibrio phage 1.205.O._10N.222.51.A7,H7NKYDSX3_104762-001-003_81_GCCGTCGA-GTGATTAA_L001
92,0.01,2000,2000,S,129951,Human mastadenovirus C,H7NKYDSX3_104762-001-003_81_GCCGTCGA-GTGATTAA_L001
93,0.01,2000,2000,S,3003969,Fish-associated parvo-like virus,H7NKYDSX3_104762-001-003_81_GCCGTCGA-GTGATTAA_L001
94,0.01,2000,2000,S,2963181,Vibrio phage 237E40-1,H7NKYDSX3_104762-001-003_81_GCCGTCGA-GTGATTAA_L001
95,0.01,2000,2000,S,2832221,Mute swan feces associated sobemovirus 1,H7NKYDSX3_104762-001-003_81_GCCGTCGA-GTGATTAA_L001
96,0.02,3000,3000,S,119910,Ryegrass mottle virus,H7NKYDSX3_104762-001-003_81_GCCGTCGA-GTGATTAA_L001
97,0.01,2000,2000,S,2511037,Gorebridge virus,H7NKYDSX3_104762-001-003_81_GCCGTCGA-GTGATTAA_L001
98,0.01,2000,2000,S,2021952,Caledonia partiti-like virus,H7NKYDSX3_104762-001-003_81_GCCGTCGA-GTGATTAA_L001
99,0.01,2000,2000,S,1954248,Circoviridae sp.,H7NKYDSX3_104762-001-003_81_GCCGTCGA-GTGATTAA_L001
100,0.01,2000,2000,S,340016,uncultured virus,H7NKYDSX3_104762-001-003_81_GCCGTCGA-GTGATTAA_L001
101,0.01,2000,2000,S,186617,uncultured marine virus,H7NKYDSX3_104762-001-003_81_GCCGTCGA-GTGATTAA_L001
102,0.01,1000,1000,S,1881441,Vibrio phage 1.247.A._10N.261.54.E12,H7NKYDSX3_104762-001-003_81_GCCGTCGA-GTGATTAA_L001
103,0.01,1000,1000,S,12287,Flock House virus,H7NKYDSX3_104762-001-003_81_GCCGTCGA-GTGATTAA_L001
104,0.01,1000,1000,S,1881320,Vibrio phage 1.091.O._10N.286.52.B12,H7NKYDSX3_104762-001-003_81_GCCGTCGA-GTGATTAA_L001
105,0.01,1000,1000,S,1177763,Omegapapillomavirus 1,H7NKYDSX3_104762-001-003_81_GCCGTCGA-GTGATTAA_L001
106,0.01,2000,2000,S,1385658,Marine gokushovirus,H7NKYDSX3_104762-001-003_81_GCCGTCGA-GTGATTAA_L001
107,0.01,1000,1000,S,1128073,Meles meles circovirus-like virus,H7NKYDSX3_104762-001-003_81_GCCGTCGA-GTGATTAA_L001
108,0.01,1000,1000,S,2693434,Marine virus AFVG_250M290,H7NKYDSX3_104762-001-003_81_GCCGTCGA-GTGATTAA_L001
109,0.01,1000,1000,S,2694308,Marine virus AFVG_25M169,H7NKYDSX3_104762-001-003_81_GCCGTCGA-GTGATTAA_L001
110,0.01,1000,1000,S,2304505,Culex Bastrovirus-like virus,H7NKYDSX3_104762-001-003_81_GCCGTCGA-GTGATTAA_L001
111,0.01,1000,1000,S,2100421,uncultured Caudovirales phage,H7NKYDSX3_104762-001-003_81_GCCGTCGA-GTGATTAA_L001
112,0.01,1000,1000,S,2859320,Vibrio phage 264E42.1,H7NKYDSX3_104762-001-003_81_GCCGTCGA-GTGATTAA_L001
113,0.01,1000,1000,S,1881244,Vibrio phage 1.013.O._10N.286.54.F9,H7NKYDSX3_104762-001-003_81_GCCGTCGA-GTGATTAA_L001
114,0.01,1000,1000,S,1685752,Lake Sarah-associated circular virus-25,H7NKYDSX3_104762-001-003_81_GCCGTCGA-GTGATTAA_L001
115,0.01,1000,1000,S,2591644,Prokaryotic dsDNA virus sp.,H7NKYDSX3_104762-001-003_81_GCCGTCGA-GTGATTAA_L001
116,0.01,1000,1000,S,2686457,Pelagibacter phage HTVC027P,H7NKYDSX3_104762-001-003_81_GCCGTCGA-GTGATTAA_L001
117,0.01,1000,1000,S,66834,Rhopalosiphum padi virus,H7NKYDSX3_104762-001-003_81_GCCGTCGA-GTGATTAA_L001
118,0.01,1000,1000,S,1918194,Cellulophaga virus Cba171,H7NKYDSX3_104762-001-003_81_GCCGTCGA-GTGATTAA_L001
119,0.01,1000,1000,S,2694778,Marine virus AFVG_25M80,H7NKYDSX3_104762-001-003_81_GCCGTCGA-GTGATTAA_L001
120,0.01,1000,1000,S,743540,uncultured phage MedDCM-OCT-S04-C136,H7NKYDSX3_104762-001-003_81_GCCGTCGA-GTGATTAA_L001
121,0.01,1000,1000,S,2693421,Marine virus AFVG_250M279,H7NKYDSX3_104762-001-003_81_GCCGTCGA-GTGATTAA_L001
122,0.01,1000,1000,S,3003800,Methylophilales phage MEP401,H7NKYDSX3_104762-001-003_81_GCCGTCGA-GTGATTAA_L001
123,0.01,1000,1000,S,2100421,uncultured Caudovirales phage,H7NKYDSX3_104762-001-003_81_GCCGTCGA-GTGATTAA_L001
124,0.01,1000,1000,S,3032257,Roseobacter phage CRP-902,H7NKYDSX3_104762-001-003_81_GCCGTCGA-GTGATTAA_L001
125,0.01,1000,1000,S,3022814,Poaceae Liege machlomovirus,H7NKYDSX3_104762-001-003_81_GCCGTCGA-GTGATTAA_L001
126,0.01,1000,1000,S,3052098,Brevihamaparvovirus dipteran1,H7NKYDSX3_104762-001-003_81_GCCGTCGA-GTGATTAA_L001
127,0.01,1000,1000,S,1165907,Porcine bocavirus,H7NKYDSX3_104762-001-003_81_GCCGTCGA-GTGATTAA_L001
128,0.01,1000,1000,S,2971105,Pelagibacter phage Skadi-7 EXVC107P,H7NKYDSX3_104762-001-003_81_GCCGTCGA-GTGATTAA_L001
129,0.01,2000,2000,S,2940811,Flumine genomovirus 2,H7NKYDSX3_104762-001-003_81_GCCGTCGA-GTGATTAA_L001
130,0.01,1000,1000,S,2585267,Reoviridae sp.,H7NKYDSX3_104762-001-003_81_GCCGTCGA-GTGATTAA_L001
131,0.01,1000,1000,S,2903080,Eastern school whiting sobemo-like virus,H7NKYDSX3_104762-001-003_81_GCCGTCGA-GTGATTAA_L001
132,0.01,1000,1000,S,748192,uncultured densovirus,H7NKYDSX3_104762-001-003_81_GCCGTCGA-GTGATTAA_L001
133,0.01,1000,1000,S,2585031,Riboviria sp.,H7NKYDSX3_104762-001-003_81_GCCGTCGA-GTGATTAA_L001
134,0.01,1000,1000,S,2586186,Blackfly DNA Virus 6,H7NKYDSX3_104762-001-003_81_GCCGTCGA-GTGATTAA_L001
135,0.01,1000,1000,S,2575730,Agrotis ipsilon Nora virus,H7NKYDSX3_104762-001-003_81_GCCGTCGA-GTGATTAA_L001
136,0.01,1000,1000,S,2492659,Helicoverpa armigera Nora virus,H7NKYDSX3_104762-001-003_81_GCCGTCGA-GTGATTAA_L001
137,0.01,1000,1000,S,2461419,Goat dependoparvovirus,H7NKYDSX3_104762-001-003_81_GCCGTCGA-GTGATTAA_L001
138,0.01,1000,1000,S,2171393,Murine-associated porcine bocavirus,H7NKYDSX3_104762-001-003_81_GCCGTCGA-GTGATTAA_L001
139,0.01,1000,1000,S,2021917,Millport beadlet anemone dicistro-like virus 1,H7NKYDSX3_104762-001-003_81_GCCGTCGA-GTGATTAA_L001
140,0.01,1000,1000,S,3048438,Tymovirus brassicae,H7NKYDSX3_104762-001-003_81_GCCGTCGA-GTGATTAA_L001
141,0.01,1000,1000,S,51680,Ribgrass mosaic virus,H7NKYDSX3_104762-001-003_81_GCCGTCGA-GTGATTAA_L001
23,1.42,82000,82000,S,186617,uncultured marine virus,HCFKNDSX3_104762-001-002_27_CTGTGGCG-GGCTAGTG_L004
24,0.17,10000,10000,S,2202644,Microviridae sp.,HCFKNDSX3_104762-001-002_27_CTGTGGCG-GGCTAGTG_L004
25,0.07,4000,4000,S,11978,Feline calicivirus,HCFKNDSX3_104762-001-002_27_CTGTGGCG-GGCTAGTG_L004
26,0.07,4000,4000,S,186617,uncultured marine virus,HCFKNDSX3_104762-001-002_27_CTGTGGCG-GGCTAGTG_L004
27,0.07,4000,4000,S,340016,uncultured virus,HCFKNDSX3_104762-001-002_27_CTGTGGCG-GGCTAGTG_L004
28,0.05,3000,3000,S,2591644,Prokaryotic dsDNA virus sp.,HCFKNDSX3_104762-001-002_27_CTGTGGCG-GGCTAGTG_L004
29,0.05,3000,3000,S,3032256,Roseobacter phage CRP-901,HCFKNDSX3_104762-001-002_27_CTGTGGCG-GGCTAGTG_L004
30,0.03,2000,2000,S,1407671,uncultured Mediterranean phage uvMED,HCFKNDSX3_104762-001-002_27_CTGTGGCG-GGCTAGTG_L004
31,0.05,3000,3000,S,239364,uncultured human fecal virus,HCFKNDSX3_104762-001-002_27_CTGTGGCG-GGCTAGTG_L004
32,0.03,2000,2000,S,748192,uncultured densovirus,HCFKNDSX3_104762-001-002_27_CTGTGGCG-GGCTAGTG_L004
33,0.03,2000,2000,S,3050506,Ulva CRESS virus 2,HCFKNDSX3_104762-001-002_27_CTGTGGCG-GGCTAGTG_L004
34,0.03,2000,2000,S,129951,Human mastadenovirus C,HCFKNDSX3_104762-001-002_27_CTGTGGCG-GGCTAGTG_L004
35,0.05,3000,3000,S,2832235,Mute swan feces associated ambidensovirus 4,HCFKNDSX3_104762-001-002_27_CTGTGGCG-GGCTAGTG_L004
36,0.03,2000,2000,S,2832173,Mute swan feces associated noda-like virus 1,HCFKNDSX3_104762-001-002_27_CTGTGGCG-GGCTAGTG_L004
37,0.03,2000,2000,S,2202954,Circular genetic element sp.,HCFKNDSX3_104762-001-002_27_CTGTGGCG-GGCTAGTG_L004
38,0.03,2000,2000,S,2030127,Densovirinae sp.,HCFKNDSX3_104762-001-002_27_CTGTGGCG-GGCTAGTG_L004
39,0.03,2000,2000,S,375198,uncultured marine RNA virus,HCFKNDSX3_104762-001-002_27_CTGTGGCG-GGCTAGTG_L004
40,0.02,1000,1000,S,1922583,Beihai picorna-like virus 4,HCFKNDSX3_104762-001-002_27_CTGTGGCG-GGCTAGTG_L004
41,0.02,1000,1000,S,2686457,Pelagibacter phage HTVC027P,HCFKNDSX3_104762-001-002_27_CTGTGGCG-GGCTAGTG_L004
42,0.02,1000,1000,S,1881451,Vibrio phage 1.205.O._10N.222.51.A7,HCFKNDSX3_104762-001-002_27_CTGTGGCG-GGCTAGTG_L004
43,0.02,1000,1000,S,1955144,Dicistroviridae sp.,HCFKNDSX3_104762-001-002_27_CTGTGGCG-GGCTAGTG_L004
44,0.02,1000,1000,S,2809460,Hepelivirales sp.,HCFKNDSX3_104762-001-002_27_CTGTGGCG-GGCTAGTG_L004
45,0.02,1000,1000,S,2984286,Pasiphaea japonica whispovirus,HCFKNDSX3_104762-001-002_27_CTGTGGCG-GGCTAGTG_L004
46,0.02,1000,1000,S,38018,Bacteriophage sp.,HCFKNDSX3_104762-001-002_27_CTGTGGCG-GGCTAGTG_L004
47,0.02,1000,1000,S,11976,Rabbit hemorrhagic disease virus,HCFKNDSX3_104762-001-002_27_CTGTGGCG-GGCTAGTG_L004
48,0.02,1000,1000,S,2021880,Barns Ness breadcrumb sponge aquatic picorna-like virus 4,HCFKNDSX3_104762-001-002_27_CTGTGGCG-GGCTAGTG_L004
49,0.02,1000,1000,S,1407671,uncultured Mediterranean phage uvMED,HCFKNDSX3_104762-001-002_27_CTGTGGCG-GGCTAGTG_L004
44,1.66,164000,164000,S,186617,uncultured marine virus,HCFKNDSX3_104762-001-002_53_TCTGCAAG-AAGGTGAA_L004
45,0.1,9999,9999,S,2591644,Prokaryotic dsDNA virus sp.,HCFKNDSX3_104762-001-002_53_TCTGCAAG-AAGGTGAA_L004
46,0.13,12999,12999,S,2202644,Microviridae sp.,HCFKNDSX3_104762-001-002_53_TCTGCAAG-AAGGTGAA_L004
47,0.12,12000,12000,S,2832195,Mute swan feces associated picorna-like virus 21,HCFKNDSX3_104762-001-002_53_TCTGCAAG-AAGGTGAA_L004
48,0.07,7000,7000,S,1881451,Vibrio phage 1.205.O._10N.222.51.A7,HCFKNDSX3_104762-001-002_53_TCTGCAAG-AAGGTGAA_L004
49,0.06,6000,6000,S,3032256,Roseobacter phage CRP-901,HCFKNDSX3_104762-001-002_53_TCTGCAAG-AAGGTGAA_L004
50,0.07,7000,7000,S,748192,uncultured densovirus,HCFKNDSX3_104762-001-002_53_TCTGCAAG-AAGGTGAA_L004
51,0.06,5999,5999,S,186617,uncultured marine virus,HCFKNDSX3_104762-001-002_53_TCTGCAAG-AAGGTGAA_L004
52,0.08,7999,7999,S,11978,Feline calicivirus,HCFKNDSX3_104762-001-002_53_TCTGCAAG-AAGGTGAA_L004
53,0.07,7000,7000,S,2202563,CRESS virus sp.,HCFKNDSX3_104762-001-002_53_TCTGCAAG-AAGGTGAA_L004
54,0.03,3000,3000,S,239364,uncultured human fecal virus,HCFKNDSX3_104762-001-002_53_TCTGCAAG-AAGGTGAA_L004
55,0.04,3999,3999,S,3050506,Ulva CRESS virus 2,HCFKNDSX3_104762-001-002_53_TCTGCAAG-AAGGTGAA_L004
56,0.03,3000,3000,S,2832173,Mute swan feces associated noda-like virus 1,HCFKNDSX3_104762-001-002_53_TCTGCAAG-AAGGTGAA_L004
57,0.04,3999,3999,S,2832186,Mute swan feces associated picorna-like virus 13,HCFKNDSX3_104762-001-002_53_TCTGCAAG-AAGGTGAA_L004
58,0.06,6000,6000,S,2202954,Circular genetic element sp.,HCFKNDSX3_104762-001-002_53_TCTGCAAG-AAGGTGAA_L004
59,0.03,2999,2999,S,2100421,uncultured Caudovirales phage,HCFKNDSX3_104762-001-002_53_TCTGCAAG-AAGGTGAA_L004
60,0.02,1999,1999,S,1881244,Vibrio phage 1.013.O._10N.286.54.F9,HCFKNDSX3_104762-001-002_53_TCTGCAAG-AAGGTGAA_L004
61,0.02,1999,1999,S,2859319,Vibrio phage 252E42.2,HCFKNDSX3_104762-001-002_53_TCTGCAAG-AAGGTGAA_L004
62,0.02,1999,1999,S,2904757,Strongylocentrotus intermedius associated picornavirus 1,HCFKNDSX3_104762-001-002_53_TCTGCAAG-AAGGTGAA_L004
63,0.03,3000,3000,S,2021912,Barns Ness breadcrumb sponge hepe-like virus 2,HCFKNDSX3_104762-001-002_53_TCTGCAAG-AAGGTGAA_L004
64,0.04,4000,4000,S,2832643,Caudoviricetes sp.,HCFKNDSX3_104762-001-002_53_TCTGCAAG-AAGGTGAA_L004
65,0.03,2999,2999,S,2030127,Densovirinae sp.,HCFKNDSX3_104762-001-002_53_TCTGCAAG-AAGGTGAA_L004
66,0.02,1999,1999,S,1407671,uncultured Mediterranean phage uvMED,HCFKNDSX3_104762-001-002_53_TCTGCAAG-AAGGTGAA_L004
67,0.03,3000,3000,S,1177763,Omegapapillomavirus 1,HCFKNDSX3_104762-001-002_53_TCTGCAAG-AAGGTGAA_L004
68,0.01,999,999,S,1618238,Avon-Heathcote Estuary associated circular virus 15,HCFKNDSX3_104762-001-002_53_TCTGCAAG-AAGGTGAA_L004
69,0.01,999,999,S,2686455,Pelagibacter phage HTVC023P,HCFKNDSX3_104762-001-002_53_TCTGCAAG-AAGGTGAA_L004
70,0.01,999,999,S,10678,Escherichia virus P1,HCFKNDSX3_104762-001-002_53_TCTGCAAG-AAGGTGAA_L004
71,0.01,999,999,S,1922725,Beihai tombus-like virus 4,HCFKNDSX3_104762-001-002_53_TCTGCAAG-AAGGTGAA_L004
72,0.02,1999,1999,S,1922557,Beihai picorna-like virus 15,HCFKNDSX3_104762-001-002_53_TCTGCAAG-AAGGTGAA_L004
73,0.01,999,999,S,2559285,Roseobacter phage CRP-6,HCFKNDSX3_104762-001-002_53_TCTGCAAG-AAGGTGAA_L004
74,0.01,999,999,S,1982247,Nonlabens virus P12024L,HCFKNDSX3_104762-001-002_53_TCTGCAAG-AAGGTGAA_L004
75,0.02,1999,1999,S,1407671,uncultured Mediterranean phage uvMED,HCFKNDSX3_104762-001-002_53_TCTGCAAG-AAGGTGAA_L004
76,0.01,999,999,S,2560376,Chaetarnavirus 2,HCFKNDSX3_104762-001-002_53_TCTGCAAG-AAGGTGAA_L004
77,0.01,999,999,S,2560448,Escherichia virus Murica,HCFKNDSX3_104762-001-002_53_TCTGCAAG-AAGGTGAA_L004
78,0.01,999,999,S,3052048,Ungulate bocaparvovirus 4,HCFKNDSX3_104762-001-002_53_TCTGCAAG-AAGGTGAA_L004
79,0.01,999,999,S,3050508,Ulva CRESS virus 4,HCFKNDSX3_104762-001-002_53_TCTGCAAG-AAGGTGAA_L004
80,0.01,999,999,S,1955144,Dicistroviridae sp.,HCFKNDSX3_104762-001-002_53_TCTGCAAG-AAGGTGAA_L004
81,0.01,999,999,S,2809460,Hepelivirales sp.,HCFKNDSX3_104762-001-002_53_TCTGCAAG-AAGGTGAA_L004
82,0.05,5000,5000,S,38018,Bacteriophage sp.,HCFKNDSX3_104762-001-002_53_TCTGCAAG-AAGGTGAA_L004
83,0.01,999,999,S,2945965,phage 023Pt_psg01,HCFKNDSX3_104762-001-002_53_TCTGCAAG-AAGGTGAA_L004
84,0.01,999,999,S,1530251,Picornaviridae sp.,HCFKNDSX3_104762-001-002_53_TCTGCAAG-AAGGTGAA_L004
85,0.01,999,999,S,2832233,Mute swan feces associated ambidensovirus 2,HCFKNDSX3_104762-001-002_53_TCTGCAAG-AAGGTGAA_L004
86,0.01,999,999,S,2832235,Mute swan feces associated ambidensovirus 4,HCFKNDSX3_104762-001-002_53_TCTGCAAG-AAGGTGAA_L004
87,0.01,999,999,S,2832236,Mute swan feces associated ambidensovirus 5,HCFKNDSX3_104762-001-002_53_TCTGCAAG-AAGGTGAA_L004
88,0.01,999,999,S,2940903,Flumine parvovirus 20,HCFKNDSX3_104762-001-002_53_TCTGCAAG-AAGGTGAA_L004
89,0.01,999,999,S,2903080,Eastern school whiting sobemo-like virus,HCFKNDSX3_104762-001-002_53_TCTGCAAG-AAGGTGAA_L004
90,0.01,999,999,S,1737588,Megaviridae environmental sample,HCFKNDSX3_104762-001-002_53_TCTGCAAG-AAGGTGAA_L004
91,0.01,999,999,S,1169626,Densovirus SC116,HCFKNDSX3_104762-001-002_53_TCTGCAAG-AAGGTGAA_L004
92,0.01,999,999,S,340016,uncultured virus,HCFKNDSX3_104762-001-002_53_TCTGCAAG-AAGGTGAA_L004
41,2.06,143000,143000,S,186617,uncultured marine virus,HCFKNDSX3_104762-001-002_03_TAATGAAC-AAGCCAAG_L004
42,0.1,7000,7000,S,2591644,Prokaryotic dsDNA virus sp.,HCFKNDSX3_104762-001-002_03_TAATGAAC-AAGCCAAG_L004
43,0.06,4000,4000,S,239364,uncultured human fecal virus,HCFKNDSX3_104762-001-002_03_TAATGAAC-AAGCCAAG_L004
44,0.06,4000,4000,S,11978,Feline calicivirus,HCFKNDSX3_104762-001-002_03_TAATGAAC-AAGCCAAG_L004
45,0.06,4000,4000,S,2016021,Picornavirales N_OV_011,HCFKNDSX3_104762-001-002_03_TAATGAAC-AAGCCAAG_L004
46,0.07,5000,5000,S,2202644,Microviridae sp.,HCFKNDSX3_104762-001-002_03_TAATGAAC-AAGCCAAG_L004
47,0.07,5000,5000,S,186617,uncultured marine virus,HCFKNDSX3_104762-001-002_03_TAATGAAC-AAGCCAAG_L004
48,0.04,3000,3000,S,3050506,Ulva CRESS virus 2,HCFKNDSX3_104762-001-002_03_TAATGAAC-AAGCCAAG_L004
49,0.04,3000,3000,S,129951,Human mastadenovirus C,HCFKNDSX3_104762-001-002_03_TAATGAAC-AAGCCAAG_L004
50,0.04,3000,3000,S,1407671,uncultured Mediterranean phage uvMED,HCFKNDSX3_104762-001-002_03_TAATGAAC-AAGCCAAG_L004
51,0.04,3000,3000,S,2202954,Circular genetic element sp.,HCFKNDSX3_104762-001-002_03_TAATGAAC-AAGCCAAG_L004
52,0.06,4000,4000,S,2030127,Densovirinae sp.,HCFKNDSX3_104762-001-002_03_TAATGAAC-AAGCCAAG_L004
53,0.03,2000,2000,S,1881441,Vibrio phage 1.247.A._10N.261.54.E12,HCFKNDSX3_104762-001-002_03_TAATGAAC-AAGCCAAG_L004
54,0.01,1000,1000,S,2859358,Vibrio phage PS25B.1,HCFKNDSX3_104762-001-002_03_TAATGAAC-AAGCCAAG_L004
55,0.01,1000,1000,S,12287,Flock House virus,HCFKNDSX3_104762-001-002_03_TAATGAAC-AAGCCAAG_L004
56,0.01,1000,1000,S,11834,RD114 retrovirus,HCFKNDSX3_104762-001-002_03_TAATGAAC-AAGCCAAG_L004
57,0.01,1000,1000,S,1177763,Omegapapillomavirus 1,HCFKNDSX3_104762-001-002_03_TAATGAAC-AAGCCAAG_L004
58,0.01,1000,1000,S,1385658,Marine gokushovirus,HCFKNDSX3_104762-001-002_03_TAATGAAC-AAGCCAAG_L004
59,0.01,1000,1000,S,1868666,uncultured Mediterranean phage uvDeep-CGR1-KM17-C101,HCFKNDSX3_104762-001-002_03_TAATGAAC-AAGCCAAG_L004
60,0.01,1000,1000,S,1881391,Vibrio phage 1.183.O._10N.286.48.B7,HCFKNDSX3_104762-001-002_03_TAATGAAC-AAGCCAAG_L004
61,0.01,1000,1000,S,2100421,uncultured Caudovirales phage,HCFKNDSX3_104762-001-002_03_TAATGAAC-AAGCCAAG_L004
62,0.04,3000,3000,S,1922725,Beihai tombus-like virus 4,HCFKNDSX3_104762-001-002_03_TAATGAAC-AAGCCAAG_L004
63,0.01,1000,1000,S,180230,Cyprinid herpesvirus 3,HCFKNDSX3_104762-001-002_03_TAATGAAC-AAGCCAAG_L004
64,0.01,1000,1000,S,1922709,Beihai sphaeromadae virus 3,HCFKNDSX3_104762-001-002_03_TAATGAAC-AAGCCAAG_L004
65,0.01,1000,1000,S,2694243,Marine virus AFVG_25M11,HCFKNDSX3_104762-001-002_03_TAATGAAC-AAGCCAAG_L004
66,0.09,6000,6000,S,38018,Bacteriophage sp.,HCFKNDSX3_104762-001-002_03_TAATGAAC-AAGCCAAG_L004
67,0.01,1000,1000,S,2963176,Vibrio phage 199E37-1,HCFKNDSX3_104762-001-002_03_TAATGAAC-AAGCCAAG_L004
68,0.01,1000,1000,S,2963188,Vibrio phage 381E49-1,HCFKNDSX3_104762-001-002_03_TAATGAAC-AAGCCAAG_L004
69,0.01,1000,1000,S,3048297,Cripavirus ropadi,HCFKNDSX3_104762-001-002_03_TAATGAAC-AAGCCAAG_L004
70,0.01,1000,1000,S,2545480,Cragig virus 10,HCFKNDSX3_104762-001-002_03_TAATGAAC-AAGCCAAG_L004
71,0.01,1000,1000,S,2021878,Barns Ness breadcrumb sponge aquatic picorna-like virus 2,HCFKNDSX3_104762-001-002_03_TAATGAAC-AAGCCAAG_L004
72,0.01,1000,1000,S,340016,uncultured virus,HCFKNDSX3_104762-001-002_03_TAATGAAC-AAGCCAAG_L004
73,0.01,1000,1000,S,1407671,uncultured Mediterranean phage uvMED,HCFKNDSX3_104762-001-002_03_TAATGAAC-AAGCCAAG_L004
74,0.01,1000,1000,S,2709239,Fur seal circovirus,HCFKNDSX3_104762-001-002_03_TAATGAAC-AAGCCAAG_L004
75,0.01,1000,1000,S,1169626,Densovirus SC116,HCFKNDSX3_104762-001-002_03_TAATGAAC-AAGCCAAG_L004
74,0.4,81999,81999,S,186617,uncultured marine virus,H7NKYDSX3_104762-001-003_56_TTAATCAG-CAGATTGG_L001
75,0.13,27000,27000,S,2100421,uncultured Caudovirales phage,H7NKYDSX3_104762-001-003_56_TTAATCAG-CAGATTGG_L001
76,0.1,20000,20000,S,2202644,Microviridae sp.,H7NKYDSX3_104762-001-003_56_TTAATCAG-CAGATTGG_L001
77,0.06,12000,12000,S,2100421,uncultured Caudovirales phage,H7NKYDSX3_104762-001-003_56_TTAATCAG-CAGATTGG_L001
78,0.05,11000,11000,S,11983,Norwalk virus,H7NKYDSX3_104762-001-003_56_TTAATCAG-CAGATTGG_L001
79,0.04,9000,9000,S,2202954,Circular genetic element sp.,H7NKYDSX3_104762-001-003_56_TTAATCAG-CAGATTGG_L001
80,0.04,9000,9000,S,3048438,Tymovirus brassicae,H7NKYDSX3_104762-001-003_56_TTAATCAG-CAGATTGG_L001
81,0.04,8000,8000,S,2859362,Vibrio phage PS34B.1,H7NKYDSX3_104762-001-003_56_TTAATCAG-CAGATTGG_L001
82,0.03,6000,6000,S,3048297,Cripavirus ropadi,H7NKYDSX3_104762-001-003_56_TTAATCAG-CAGATTGG_L001
83,0.03,6000,6000,S,1955153,Picornavirales sp.,H7NKYDSX3_104762-001-003_56_TTAATCAG-CAGATTGG_L001
84,0.03,6000,6000,S,2202563,CRESS virus sp.,H7NKYDSX3_104762-001-003_56_TTAATCAG-CAGATTGG_L001
85,0.03,6000,6000,S,2511037,Gorebridge virus,H7NKYDSX3_104762-001-003_56_TTAATCAG-CAGATTGG_L001
86,0.05,10000,10000,S,11978,Feline calicivirus,H7NKYDSX3_104762-001-003_56_TTAATCAG-CAGATTGG_L001
87,0.03,6000,6000,S,1954248,Circoviridae sp.,H7NKYDSX3_104762-001-003_56_TTAATCAG-CAGATTGG_L001
88,0.02,4000,4000,S,2559285,Roseobacter phage CRP-6,H7NKYDSX3_104762-001-003_56_TTAATCAG-CAGATTGG_L001
89,0.03,6000,6000,S,748192,uncultured densovirus,H7NKYDSX3_104762-001-003_56_TTAATCAG-CAGATTGG_L001
90,0.02,4000,4000,S,2963181,Vibrio phage 237E40-1,H7NKYDSX3_104762-001-003_56_TTAATCAG-CAGATTGG_L001
91,0.02,4000,4000,S,2832235,Mute swan feces associated ambidensovirus 4,H7NKYDSX3_104762-001-003_56_TTAATCAG-CAGATTGG_L001
92,0.02,4000,4000,S,2824374,Sichuan sediment noda-like virus 8,H7NKYDSX3_104762-001-003_56_TTAATCAG-CAGATTGG_L001
93,0.01,3000,3000,S,1881355,Vibrio phage 1.251.O._10N.261.55.E5,H7NKYDSX3_104762-001-003_56_TTAATCAG-CAGATTGG_L001
94,0.01,3000,3000,S,2859335,Vibrio phage 51E28.4,H7NKYDSX3_104762-001-003_56_TTAATCAG-CAGATTGG_L001
95,0.01,3000,3000,S,11976,Rabbit hemorrhagic disease virus,H7NKYDSX3_104762-001-003_56_TTAATCAG-CAGATTGG_L001
96,0.02,4000,4000,S,2034334,Norway luteo-like virus 4,H7NKYDSX3_104762-001-003_56_TTAATCAG-CAGATTGG_L001
97,0.01,3000,3000,S,1955141,Cripavirus sp.,H7NKYDSX3_104762-001-003_56_TTAATCAG-CAGATTGG_L001
98,0.01,3000,3000,S,340016,uncultured virus,H7NKYDSX3_104762-001-003_56_TTAATCAG-CAGATTGG_L001
99,0.01,3000,3000,S,2591644,Prokaryotic dsDNA virus sp.,H7NKYDSX3_104762-001-003_56_TTAATCAG-CAGATTGG_L001
100,0.01,2000,2000,S,1881409,Vibrio phage 1.164.O._10N.261.51.A7,H7NKYDSX3_104762-001-003_56_TTAATCAG-CAGATTGG_L001
101,0.01,2000,2000,S,1923144,Hubei picorna-like virus 61,H7NKYDSX3_104762-001-003_56_TTAATCAG-CAGATTGG_L001
102,0.01,2000,2000,S,1881261,Vibrio phage 1.201.B._10N.286.55.F1,H7NKYDSX3_104762-001-003_56_TTAATCAG-CAGATTGG_L001
103,0.01,2000,2000,S,1811230,Callinectes sapidus reovirus 1,H7NKYDSX3_104762-001-003_56_TTAATCAG-CAGATTGG_L001
104,0.01,2000,2000,S,1881451,Vibrio phage 1.205.O._10N.222.51.A7,H7NKYDSX3_104762-001-003_56_TTAATCAG-CAGATTGG_L001
105,0.01,2000,2000,S,3050508,Ulva CRESS virus 4,H7NKYDSX3_104762-001-003_56_TTAATCAG-CAGATTGG_L001
106,0.01,2000,2000,S,129951,Human mastadenovirus C,H7NKYDSX3_104762-001-003_56_TTAATCAG-CAGATTGG_L001
107,0.01,2000,2000,S,2945965,phage 023Pt_psg01,H7NKYDSX3_104762-001-003_56_TTAATCAG-CAGATTGG_L001
108,0.01,2000,2000,S,119910,Ryegrass mottle virus,H7NKYDSX3_104762-001-003_56_TTAATCAG-CAGATTGG_L001
109,0.02,4000,4000,S,2941416,Flumine tombus-like virus 3,H7NKYDSX3_104762-001-003_56_TTAATCAG-CAGATTGG_L001
110,0.01,3000,3000,S,2794449,Tarsiger cyanurus ambidensovirus,H7NKYDSX3_104762-001-003_56_TTAATCAG-CAGATTGG_L001
111,0.01,2000,2000,S,38018,Bacteriophage sp.,H7NKYDSX3_104762-001-003_56_TTAATCAG-CAGATTGG_L001
112,0.01,2000,2000,S,2832643,Caudoviricetes sp.,H7NKYDSX3_104762-001-003_56_TTAATCAG-CAGATTGG_L001
113,0.01,2000,2000,S,1407671,uncultured Mediterranean phage uvMED,H7NKYDSX3_104762-001-003_56_TTAATCAG-CAGATTGG_L001
114,0.01,2000,2000,S,186617,uncultured marine virus,H7NKYDSX3_104762-001-003_56_TTAATCAG-CAGATTGG_L001
115,0.0,1000,1000,S,44562,Pothos latent virus,H7NKYDSX3_104762-001-003_56_TTAATCAG-CAGATTGG_L001
116,0.0,1000,1000,S,1881441,Vibrio phage 1.247.A._10N.261.54.E12,H7NKYDSX3_104762-001-003_56_TTAATCAG-CAGATTGG_L001
117,0.0,1000,1000,S,1881320,Vibrio phage 1.091.O._10N.286.52.B12,H7NKYDSX3_104762-001-003_56_TTAATCAG-CAGATTGG_L001
118,0.0,1000,1000,S,1881416,Vibrio phage 1.021.B._10N.222.51.F9,H7NKYDSX3_104762-001-003_56_TTAATCAG-CAGATTGG_L001
119,0.0,1000,1000,S,1881248,Vibrio phage 1.106.O._10N.286.51.F7,H7NKYDSX3_104762-001-003_56_TTAATCAG-CAGATTGG_L001
120,0.04,8000,8000,S,1177763,Omegapapillomavirus 1,H7NKYDSX3_104762-001-003_56_TTAATCAG-CAGATTGG_L001
121,0.0,1000,1000,S,1511892,Adeno-associated dependoparvovirus B,H7NKYDSX3_104762-001-003_56_TTAATCAG-CAGATTGG_L001
122,0.0,1000,1000,S,1385658,Marine gokushovirus,H7NKYDSX3_104762-001-003_56_TTAATCAG-CAGATTGG_L001
123,0.0,1000,1000,S,1128073,Meles meles circovirus-like virus,H7NKYDSX3_104762-001-003_56_TTAATCAG-CAGATTGG_L001
124,0.0,1000,1000,S,2712934,Pseudoalteromonas phage XC,H7NKYDSX3_104762-001-003_56_TTAATCAG-CAGATTGG_L001
125,0.0,1000,1000,S,1881245,Vibrio phage 1.047.O._10N.286.55.F2,H7NKYDSX3_104762-001-003_56_TTAATCAG-CAGATTGG_L001
126,0.0,1000,1000,S,2693664,Marine virus AFVG_250M489,H7NKYDSX3_104762-001-003_56_TTAATCAG-CAGATTGG_L001
127,0.0,1000,1000,S,2304505,Culex Bastrovirus-like virus,H7NKYDSX3_104762-001-003_56_TTAATCAG-CAGATTGG_L001
128,0.0,1000,1000,S,340016,uncultured virus,H7NKYDSX3_104762-001-003_56_TTAATCAG-CAGATTGG_L001
129,0.0,1000,1000,S,2859353,Vibrio phage PS14A.1,H7NKYDSX3_104762-001-003_56_TTAATCAG-CAGATTGG_L001
130,0.0,1000,1000,S,1881244,Vibrio phage 1.013.O._10N.286.54.F9,H7NKYDSX3_104762-001-003_56_TTAATCAG-CAGATTGG_L001
131,0.0,1000,1000,S,2692966,Marine virus AFVG_117M50,H7NKYDSX3_104762-001-003_56_TTAATCAG-CAGATTGG_L001
132,0.0,1000,1000,S,1881316,Vibrio phage 1.087.A._10N.261.45.F9,H7NKYDSX3_104762-001-003_56_TTAATCAG-CAGATTGG_L001
133,0.0,1000,1000,S,12154,Turnip yellow mosaic virus,H7NKYDSX3_104762-001-003_56_TTAATCAG-CAGATTGG_L001
134,0.0,1000,1000,S,1881351,Vibrio phage 1.231.O._10N.261.49.F8,H7NKYDSX3_104762-001-003_56_TTAATCAG-CAGATTGG_L001
135,0.01,2000,2000,S,1979848,Ambidensovirus CaaDV1,H7NKYDSX3_104762-001-003_56_TTAATCAG-CAGATTGG_L001
136,0.0,1000,1000,S,1636270,Rhodoferax phage P26218,H7NKYDSX3_104762-001-003_56_TTAATCAG-CAGATTGG_L001
137,0.0,1000,1000,S,64279,Drosophila C virus,H7NKYDSX3_104762-001-003_56_TTAATCAG-CAGATTGG_L001
138,0.0,1000,1000,S,1881445,Vibrio phage 1.257.O._10N.286.46.A4,H7NKYDSX3_104762-001-003_56_TTAATCAG-CAGATTGG_L001
139,0.01,3000,3000,S,1881432,Vibrio phage 1.179.O._10N.286.45.F12,H7NKYDSX3_104762-001-003_56_TTAATCAG-CAGATTGG_L001
140,0.0,1000,1000,S,3052707,Carnivore protoparvovirus 1,H7NKYDSX3_104762-001-003_56_TTAATCAG-CAGATTGG_L001
141,0.0,1000,1000,S,3032256,Roseobacter phage CRP-901,H7NKYDSX3_104762-001-003_56_TTAATCAG-CAGATTGG_L001
142,0.0,1000,1000,S,2933720,Myrmica rubra picorna-like virus 6,H7NKYDSX3_104762-001-003_56_TTAATCAG-CAGATTGG_L001
143,0.0,1000,1000,S,2932679,Scallop picorna-like virus 1,H7NKYDSX3_104762-001-003_56_TTAATCAG-CAGATTGG_L001
144,0.0,1000,1000,S,2963176,Vibrio phage 199E37-1,H7NKYDSX3_104762-001-003_56_TTAATCAG-CAGATTGG_L001
145,0.0,1000,1000,S,3047853,Maculavirus vitis,H7NKYDSX3_104762-001-003_56_TTAATCAG-CAGATTGG_L001
146,0.0,1000,1000,S,2832236,Mute swan feces associated ambidensovirus 5,H7NKYDSX3_104762-001-003_56_TTAATCAG-CAGATTGG_L001
147,0.0,1000,1000,S,2832173,Mute swan feces associated noda-like virus 1,H7NKYDSX3_104762-001-003_56_TTAATCAG-CAGATTGG_L001
148,0.0,1000,1000,S,2832195,Mute swan feces associated picorna-like virus 21,H7NKYDSX3_104762-001-003_56_TTAATCAG-CAGATTGG_L001
149,0.0,1000,1000,S,2940811,Flumine genomovirus 2,H7NKYDSX3_104762-001-003_56_TTAATCAG-CAGATTGG_L001
150,0.0,1000,1000,S,2941455,Flumine tombus-like virus 7,H7NKYDSX3_104762-001-003_56_TTAATCAG-CAGATTGG_L001
151,0.0,1000,1000,S,2585267,Reoviridae sp.,H7NKYDSX3_104762-001-003_56_TTAATCAG-CAGATTGG_L001
152,0.0,1000,1000,S,1955165,Luteoviridae sp.,H7NKYDSX3_104762-001-003_56_TTAATCAG-CAGATTGG_L001
153,0.0,1000,1000,S,1955144,Dicistroviridae sp.,H7NKYDSX3_104762-001-003_56_TTAATCAG-CAGATTGG_L001
154,0.0,1000,1000,S,1955166,Nodaviridae sp.,H7NKYDSX3_104762-001-003_56_TTAATCAG-CAGATTGG_L001
155,0.0,1000,1000,S,2794512,Grus japonensis parvoviridae sp.,H7NKYDSX3_104762-001-003_56_TTAATCAG-CAGATTGG_L001
156,0.0,1000,1000,S,585895,uncultured picobirnavirus,H7NKYDSX3_104762-001-003_56_TTAATCAG-CAGATTGG_L001
157,0.0,1000,1000,S,1906674,Betanodavirus sp.,H7NKYDSX3_104762-001-003_56_TTAATCAG-CAGATTGG_L001
158,0.0,1000,1000,S,2665439,Hammarskog noda-like virus,H7NKYDSX3_104762-001-003_56_TTAATCAG-CAGATTGG_L001
159,0.0,1000,1000,S,1737588,Megaviridae environmental sample,H7NKYDSX3_104762-001-003_56_TTAATCAG-CAGATTGG_L001
160,0.0,1000,1000,S,2021917,Millport beadlet anemone dicistro-like virus 1,H7NKYDSX3_104762-001-003_56_TTAATCAG-CAGATTGG_L001
161,0.03,6000,6000,S,1955787,Viltain virus,H7NKYDSX3_104762-001-003_56_TTAATCAG-CAGATTGG_L001
162,0.0,1000,1000,S,3047966,Cyclovirus nhanloai,H7NKYDSX3_104762-001-003_56_TTAATCAG-CAGATTGG_L001
163,0.34,70000,70000,S,1111988,Watercress white vein virus,H7NKYDSX3_104762-001-003_56_TTAATCAG-CAGATTGG_L001
164,0.0,1000,1000,S,1169626,Densovirus SC116,H7NKYDSX3_104762-001-003_56_TTAATCAG-CAGATTGG_L001
165,0.0,1000,1000,S,375198,uncultured marine RNA virus,H7NKYDSX3_104762-001-003_56_TTAATCAG-CAGATTGG_L001
27,0.74,69000,69000,S,186617,uncultured marine virus,H7NKYDSX3_104762-001-003_31_TCGCCTTG-GAATCAGC_L001
28,0.12,11000,11000,S,2832195,Mute swan feces associated picorna-like virus 21,H7NKYDSX3_104762-001-003_31_TCGCCTTG-GAATCAGC_L001
29,0.09,8000,8000,S,2202644,Microviridae sp.,H7NKYDSX3_104762-001-003_31_TCGCCTTG-GAATCAGC_L001
30,0.05,5000,5000,S,748192,uncultured densovirus,H7NKYDSX3_104762-001-003_31_TCGCCTTG-GAATCAGC_L001
31,0.08,7000,7000,S,2202563,CRESS virus sp.,H7NKYDSX3_104762-001-003_31_TCGCCTTG-GAATCAGC_L001
32,0.04,4000,4000,S,239364,uncultured human fecal virus,H7NKYDSX3_104762-001-003_31_TCGCCTTG-GAATCAGC_L001
33,0.04,4000,4000,S,2832233,Mute swan feces associated ambidensovirus 2,H7NKYDSX3_104762-001-003_31_TCGCCTTG-GAATCAGC_L001
34,0.04,4000,4000,S,2832235,Mute swan feces associated ambidensovirus 4,H7NKYDSX3_104762-001-003_31_TCGCCTTG-GAATCAGC_L001
35,0.05,5000,5000,S,11978,Feline calicivirus,H7NKYDSX3_104762-001-003_31_TCGCCTTG-GAATCAGC_L001
36,0.04,4000,4000,S,3050506,Ulva CRESS virus 2,H7NKYDSX3_104762-001-003_31_TCGCCTTG-GAATCAGC_L001
37,0.05,5000,5000,S,2832173,Mute swan feces associated noda-like virus 1,H7NKYDSX3_104762-001-003_31_TCGCCTTG-GAATCAGC_L001
38,0.03,3000,3000,S,2832196,Mute swan feces associated picorna-like virus 22,H7NKYDSX3_104762-001-003_31_TCGCCTTG-GAATCAGC_L001
39,0.03,3000,3000,S,3048297,Cripavirus ropadi,H7NKYDSX3_104762-001-003_31_TCGCCTTG-GAATCAGC_L001
40,0.14,12999,12999,S,38018,Bacteriophage sp.,H7NKYDSX3_104762-001-003_31_TCGCCTTG-GAATCAGC_L001
41,0.17,16000,16000,S,340016,uncultured virus,H7NKYDSX3_104762-001-003_31_TCGCCTTG-GAATCAGC_L001
42,0.02,2000,2000,S,2984285,Porcellio scaber clopovirus,H7NKYDSX3_104762-001-003_31_TCGCCTTG-GAATCAGC_L001
43,0.03,3000,3000,S,2832232,Mute swan feces associated ambidensovirus 1,H7NKYDSX3_104762-001-003_31_TCGCCTTG-GAATCAGC_L001
44,0.02,2000,2000,S,2545481,Cragig virus 9,H7NKYDSX3_104762-001-003_31_TCGCCTTG-GAATCAGC_L001
45,0.02,2000,2000,S,1407671,uncultured Mediterranean phage uvMED,H7NKYDSX3_104762-001-003_31_TCGCCTTG-GAATCAGC_L001
46,0.03,2999,2999,S,2202954,Circular genetic element sp.,H7NKYDSX3_104762-001-003_31_TCGCCTTG-GAATCAGC_L001
47,0.02,2000,2000,S,186617,uncultured marine virus,H7NKYDSX3_104762-001-003_31_TCGCCTTG-GAATCAGC_L001
48,0.01,1000,1000,S,1881409,Vibrio phage 1.164.O._10N.261.51.A7,H7NKYDSX3_104762-001-003_31_TCGCCTTG-GAATCAGC_L001
49,0.01,1000,1000,S,2859361,Vibrio phage PS32B.6,H7NKYDSX3_104762-001-003_31_TCGCCTTG-GAATCAGC_L001
50,0.01,1000,1000,S,1922583,Beihai picorna-like virus 4,H7NKYDSX3_104762-001-003_31_TCGCCTTG-GAATCAGC_L001
51,0.01,1000,1000,S,2100421,uncultured Caudovirales phage,H7NKYDSX3_104762-001-003_31_TCGCCTTG-GAATCAGC_L001
52,0.01,1000,1000,S,2591644,Prokaryotic dsDNA virus sp.,H7NKYDSX3_104762-001-003_31_TCGCCTTG-GAATCAGC_L001
53,0.01,1000,1000,S,1881451,Vibrio phage 1.205.O._10N.222.51.A7,H7NKYDSX3_104762-001-003_31_TCGCCTTG-GAATCAGC_L001
54,0.01,1000,1000,S,1881432,Vibrio phage 1.179.O._10N.286.45.F12,H7NKYDSX3_104762-001-003_31_TCGCCTTG-GAATCAGC_L001
55,0.02,2000,2000,S,3032256,Roseobacter phage CRP-901,H7NKYDSX3_104762-001-003_31_TCGCCTTG-GAATCAGC_L001
56,0.01,1000,1000,S,129951,Human mastadenovirus C,H7NKYDSX3_104762-001-003_31_TCGCCTTG-GAATCAGC_L001
57,0.01,1000,1000,S,2963202,Vibrio phage 456E52-1,H7NKYDSX3_104762-001-003_31_TCGCCTTG-GAATCAGC_L001
58,0.01,1000,1000,S,2832236,Mute swan feces associated ambidensovirus 5,H7NKYDSX3_104762-001-003_31_TCGCCTTG-GAATCAGC_L001
59,0.01,1000,1000,S,1737588,Megaviridae environmental sample,H7NKYDSX3_104762-001-003_31_TCGCCTTG-GAATCAGC_L001
60,0.01,1000,1000,S,2545477,Cragig virus 6,H7NKYDSX3_104762-001-003_31_TCGCCTTG-GAATCAGC_L001
61,0.01,1000,1000,S,11723,Simian immunodeficiency virus,H7NKYDSX3_104762-001-003_31_TCGCCTTG-GAATCAGC_L001
62,0.01,1000,1000,S,1169626,Densovirus SC116,H7NKYDSX3_104762-001-003_31_TCGCCTTG-GAATCAGC_L001
